season,gameweek,variant,selected_action,selected_model_value,realized_selected_points,best_action_model,best_model_value,realized_best_model_points,best_action_hindsight,realized_hindsight_points,prediction_regret,optimizer_regret,total_decision_regret,runtime_ms
2024-25,5,B0,[],0.0,309.0,"[(372, 136)]",0.22,315.0,"[(83, 230)]",322.0,7.0,6.0,13.0,38.56
2024-25,5,B3,"[(310, 15)]",1.0,328.0,"[(310, 15)]",1.0,328.0,"[(199, 177)]",331.0,3.0,0.0,3.0,168.1
2024-25,5,B7,"[(210, 594)]",0.99,322.0,"[(210, 594)]",0.99,322.0,"[(199, 177)]",331.0,9.0,0.0,9.0,166.64
2024-25,10,B0,[],0.0,636.0,[],0.0,636.0,"[(372, 230)]",653.0,17.0,0.0,17.0,36.36
2024-25,10,B3,"[(422, 533)]",1.03,617.0,"[(422, 533)]",1.03,617.0,"[(372, 230)]",637.0,20.0,0.0,20.0,167.72
2024-25,10,B7,"[(422, 533)]",1.03,617.0,"[(422, 533)]",1.03,617.0,"[(372, 230)]",637.0,20.0,0.0,20.0,172.82
2024-25,15,B0,[],0.0,824.0,[],0.0,824.0,"[(181, 247)]",868.0,44.0,0.0,44.0,37.76
2024-25,15,B3,[],0.0,847.0,"[(267, 399)]",0.61,847.0,"[(211, 70)]",856.0,9.0,0.0,9.0,178.54
2024-25,15,B7,"[(267, 399)]",0.61,847.0,"[(267, 399)]",0.61,847.0,"[(211, 70)]",856.0,9.0,0.0,9.0,158.97
2024-25,20,B0,[],0.0,1241.0,[],0.0,1241.0,"[(310, 443)]",1281.0,40.0,0.0,40.0,38.52
2024-25,20,B3,"[(310, 235)]",0.69,1279.0,"[(36, 437)]",0.8,1241.0,"[(310, 443)]",1281.0,40.0,0.0,40.0,163.01
2024-25,20,B7,"[(580, 437)]",0.72,1241.0,"[(36, 437)]",0.8,1241.0,"[(310, 443)]",1281.0,40.0,0.0,40.0,187.25
2024-25,25,B0,[],0.0,1490.0,[],0.0,1490.0,"[(580, 85)]",1503.0,13.0,0.0,13.0,33.96
2024-25,25,B3,[],0.0,1560.0,[],0.0,1560.0,[],1560.0,0.0,0.0,0.0,170.95
2024-25,25,B7,[],0.0,1560.0,[],0.0,1560.0,[],1560.0,0.0,0.0,0.0,169.4
2024-25,30,B0,[],0.0,1849.0,[],0.0,1849.0,[],1849.0,0.0,0.0,0.0,36.79
2024-25,30,B3,[],0.0,1810.0,"[(78, 402)]",1.63,1783.0,"[(181, 168)]",1836.0,53.0,0.0,53.0,183.76
2024-25,30,B7,"[(78, 402)]",1.63,1783.0,"[(78, 402)]",1.63,1783.0,"[(181, 168)]",1836.0,53.0,0.0,53.0,231.03
