gameweek,player_name,team,position,predicted_state,actual_state,predicted_xp,actual_points,predicted_xm,actual_minutes,decision_relevance,ledger_category,estimated_point_cost
1,Bukayo Saka,ARS,MIDFIELDER,START,START,3.3,3,58.3,90,STARTER,HARMLESS,0.0
1,Danny Welbeck,BHA,FORWARD,START,SUB,2.58,1,57.2,21,STARTER,PREDICTION_ERROR,1.6
1,Marc Cucurella Saseta,CHE,DEFENDER,START,START,2.65,8,61.1,90,STARTER,HARMLESS,0.0
1,Cole Palmer,CHE,MIDFIELDER,START,START,4.1,3,58.3,90,CAPTAIN,HARMLESS,0.0
1,Marc Guiu Paz,SUN,FORWARD,SUB,NO_PLAY,1.42,0,25.9,0,BENCH,HARMLESS,0.0
1,Alisson Becker,LIV,GOALKEEPER,START,START,2.89,1,64.2,90,BENCH,HARMLESS,0.0
1,Jeremie Frimpong,LIV,DEFENDER,START,START,2.65,1,61.1,59,STARTER,HARMLESS,0.0
1,Milos Kerkez,LIV,DEFENDER,START,START,2.65,0,61.1,59,STARTER,HARMLESS,0.0
1,Omar Marmoush,MCI,MIDFIELDER,START,SUB,3.28,1,58.3,24,STARTER,PREDICTION_ERROR,2.3
1,Phil Foden,MCI,MIDFIELDER,START,NO_PLAY,3.07,0,57.9,0,STARTER,BOTH,3.1
1,Bruno Borges Fernandes,MUN,MIDFIELDER,START,START,3.27,2,58.3,90,STARTER,HARMLESS,0.0
1,Ahmed Abdullahi,SUN,FORWARD,SUB,NO_PLAY,1.42,0,25.9,0,BENCH,HARMLESS,0.0
1,Guglielmo Vicario,TOT,GOALKEEPER,START,START,3.21,9,64.2,90,STARTER,HARMLESS,0.0
1,Pedro Porro Sauceda,TOT,DEFENDER,START,START,3.04,6,61.1,90,STARTER,HARMLESS,0.0
1,Cristian Romero,TOT,DEFENDER,START,START,2.68,6,55.8,90,AUTOSUB_IN,HARMLESS,0.0
2,Bukayo Saka,ARS,MIDFIELDER,START,START,3.52,6,43.5,52,STARTER,HARMLESS,0.0
2,Antoine Semenyo,BOU,MIDFIELDER,START,START,3.59,6,43.4,90,CAPTAIN,HARMLESS,0.0
2,Danny Welbeck,BHA,FORWARD,SUB,START,1.62,0,24.5,90,STARTER,PREDICTION_ERROR,1.6
2,Marc Cucurella Saseta,CHE,DEFENDER,START,START,2.05,5,45.2,68,STARTER,HARMLESS,0.0
2,Cole Palmer,CHE,MIDFIELDER,START,NO_PLAY,3.09,0,43.5,0,STARTER,BOTH,3.1
2,Marc Guiu Paz,SUN,FORWARD,NO_PLAY,SUB,0.65,1,3.7,10,AUTOSUB_IN,HARMLESS,0.0
2,Alisson Becker,LIV,GOALKEEPER,START,START,2.01,1,47.0,90,STARTER,HARMLESS,0.0
2,Jeremie Frimpong,LIV,DEFENDER,START,NO_PLAY,1.79,0,45.0,0,STARTER,BOTH,1.8
2,Milos Kerkez,LIV,DEFENDER,START,START,1.83,1,45.0,90,STARTER,HARMLESS,0.0
2,Omar Marmoush,MCI,MIDFIELDER,SUB,START,2.17,1,21.9,53,STARTER,PREDICTION_ERROR,1.2
2,Bruno Borges Fernandes,MUN,MIDFIELDER,START,START,2.73,2,43.5,90,STARTER,HARMLESS,0.0
2,Ahmed Abdullahi,SUN,FORWARD,NO_PLAY,NO_PLAY,0.65,0,3.7,0,BENCH,HARMLESS,0.0
2,Guglielmo Vicario,TOT,GOALKEEPER,START,START,1.77,9,46.9,90,BENCH,HARMLESS,0.0
2,Pedro Porro Sauceda,TOT,DEFENDER,START,START,1.45,5,45.2,90,STARTER,HARMLESS,0.0
2,Cristian Romero,TOT,DEFENDER,START,START,1.32,7,45.2,90,AUTOSUB_IN,HARMLESS,0.0
3,Bukayo Saka,ARS,MIDFIELDER,START,NO_PLAY,2.74,0,45.9,0,STARTER,BOTH,2.7
3,Antoine Semenyo,BOU,MIDFIELDER,START,START,3.43,2,51.5,90,STARTER,HARMLESS,0.0
3,Danny Welbeck,BHA,FORWARD,START,START,2.6,2,42.8,60,STARTER,HARMLESS,0.0
3,Marc Cucurella Saseta,CHE,DEFENDER,START,START,2.85,6,54.8,90,STARTER,HARMLESS,0.0
3,Cole Palmer,CHE,MIDFIELDER,NO_PLAY,NO_PLAY,2.47,0,24.6,0,STARTER,DECISION_ERROR,2.5
3,Marc Guiu Paz,SUN,FORWARD,SUB,SUB,1.13,1,18.6,3,AUTOSUB_IN,HARMLESS,0.0
3,Alisson Becker,LIV,GOALKEEPER,START,START,2.3,8,58.5,90,BENCH,HARMLESS,0.0
3,Milos Kerkez,LIV,DEFENDER,START,START,1.89,6,54.4,90,AUTOSUB_IN,HARMLESS,0.0
3,Omar Marmoush,MCI,MIDFIELDER,START,START,2.69,7,43.4,71,STARTER,HARMLESS,0.0
3,Matthijs de Ligt,MUN,DEFENDER,START,START,3.04,1,55.4,90,STARTER,HARMLESS,0.0
3,Bruno Borges Fernandes,MUN,MIDFIELDER,START,START,3.96,10,51.7,90,STARTER,HARMLESS,0.0
3,Ahmed Abdullahi,SUN,FORWARD,NO_PLAY,NO_PLAY,0.66,0,3.6,0,BENCH,HARMLESS,0.0
3,Guglielmo Vicario,TOT,GOALKEEPER,START,START,3.04,3,58.5,90,CAPTAIN,HARMLESS,0.0
3,Pedro Porro Sauceda,TOT,DEFENDER,START,START,2.67,4,55.6,70,STARTER,HARMLESS,0.0
3,Cristian Romero,TOT,DEFENDER,START,START,2.42,2,55.4,90,STARTER,HARMLESS,0.0
4,Riccardo Calafiori,ARS,DEFENDER,START,START,4.68,5,61.5,67,CAPTAIN,HARMLESS,0.0
4,Bukayo Saka,ARS,MIDFIELDER,START,NO_PLAY,2.93,0,43.4,0,STARTER,BOTH,2.9
4,Antoine Semenyo,BOU,MIDFIELDER,START,START,4.25,13,64.6,90,STARTER,HARMLESS,0.0
4,Danny Welbeck,BHA,FORWARD,START,START,2.58,2,50.9,66,STARTER,HARMLESS,0.0
4,Marc Cucurella Saseta,CHE,DEFENDER,START,SUB,3.13,1,65.4,45,STARTER,HARMLESS,0.0
4,Cole Palmer,CHE,MIDFIELDER,NO_PLAY,SUB,1.95,7,22.1,34,AUTOSUB_IN,HARMLESS,0.0
4,Marc Guiu Paz,CHE,FORWARD,SUB,NO_PLAY,1.02,0,19.1,0,BENCH,HARMLESS,0.0
4,Alisson Becker,LIV,GOALKEEPER,START,START,3.1,6,74.3,90,BENCH,HARMLESS,0.0
4,Milos Kerkez,LIV,DEFENDER,START,START,2.63,0,61.6,37,STARTER,HARMLESS,0.0
4,Omar Marmoush,MCI,MIDFIELDER,START,NO_PLAY,3.3,0,45.8,0,STARTER,BOTH,3.3
4,Bruno Borges Fernandes,MUN,MIDFIELDER,START,START,3.44,2,64.8,90,STARTER,HARMLESS,0.0
4,Ahmed Abdullahi,SUN,FORWARD,NO_PLAY,NO_PLAY,0.37,0,0.0,0,BENCH,HARMLESS,0.0
4,Guglielmo Vicario,TOT,GOALKEEPER,START,START,3.5,8,74.3,90,STARTER,HARMLESS,0.0
4,Pedro Porro Sauceda,TOT,DEFENDER,START,START,2.85,6,65.5,90,STARTER,HARMLESS,0.0
4,Cristian Romero,TOT,DEFENDER,START,START,2.59,12,68.6,90,STARTER,HARMLESS,0.0
5,Riccardo Calafiori,ARS,DEFENDER,START,START,4.37,2,61.8,90,STARTER,HARMLESS,0.0
5,Antoine Semenyo,BOU,MIDFIELDER,START,START,5.34,5,72.6,90,CAPTAIN,HARMLESS,0.0
5,Bryan Mbeumo,MUN,MIDFIELDER,START,START,4.46,3,72.7,69,STARTER,HARMLESS,0.0
5,Danny Welbeck,BHA,FORWARD,START,SUB,3.16,1,57.6,15,STARTER,PREDICTION_ERROR,2.2
5,Marc Cucurella Saseta,CHE,DEFENDER,START,START,2.64,0,60.8,63,STARTER,HARMLESS,0.0
5,Cole Palmer,CHE,MIDFIELDER,SUB,START,2.38,1,26.7,20,AUTOSUB_IN,HARMLESS,0.0
5,Marc Guiu Paz,CHE,FORWARD,NO_PLAY,NO_PLAY,0.4,0,3.7,0,BENCH,HARMLESS,0.0
5,Alisson Becker,LIV,GOALKEEPER,START,START,3.86,2,79.3,90,STARTER,HARMLESS,0.0
5,Milos Kerkez,LIV,DEFENDER,START,START,2.49,4,61.8,90,STARTER,HARMLESS,0.0
5,Omar Marmoush,MCI,MIDFIELDER,START,NO_PLAY,2.44,0,43.2,0,STARTER,BOTH,2.4
5,Bruno Borges Fernandes,MUN,MIDFIELDER,START,START,4.67,10,72.7,86,STARTER,HARMLESS,0.0
5,Ahmed Abdullahi,SUN,FORWARD,NO_PLAY,NO_PLAY,0.42,0,0.0,0,BENCH,HARMLESS,0.0
5,Guglielmo Vicario,TOT,GOALKEEPER,START,START,3.67,1,79.3,90,BENCH,HARMLESS,0.0
5,Pedro Porro Sauceda,TOT,DEFENDER,START,START,3.04,1,72.9,88,STARTER,HARMLESS,0.0
5,Cristian Romero,TOT,DEFENDER,START,START,2.92,2,75.0,90,STARTER,HARMLESS,0.0
6,Riccardo Calafiori,ARS,DEFENDER,START,START,4.83,1,76.6,69,STARTER,HARMLESS,0.0
6,Antoine Semenyo,BOU,MIDFIELDER,START,START,4.85,7,76.8,90,STARTER,HARMLESS,0.0
6,Bryan Mbeumo,MUN,MIDFIELDER,START,START,4.01,2,76.7,90,STARTER,HARMLESS,0.0
6,Danny Welbeck,BHA,FORWARD,START,SUB,2.7,11,52.6,23,STARTER,HARMLESS,0.0
6,Marc Cucurella Saseta,CHE,DEFENDER,START,START,3.26,0,61.1,90,STARTER,HARMLESS,0.0
6,Cole Palmer,CHE,MIDFIELDER,START,NO_PLAY,3.35,0,43.8,0,STARTER,BOTH,3.4
6,Marc Guiu Paz,CHE,FORWARD,NO_PLAY,NO_PLAY,0.42,0,3.6,0,BENCH,HARMLESS,0.0
6,Norberto Bercique Gomes Betuncal,EVE,FORWARD,START,START,3.24,2,57.7,68,STARTER,HARMLESS,0.0
6,Alisson Becker,LIV,GOALKEEPER,START,START,3.25,2,79.6,90,BENCH,HARMLESS,0.0
6,Milos Kerkez,LIV,DEFENDER,START,START,2.08,1,64.4,90,AUTOSUB_IN,HARMLESS,0.0
6,Omar Marmoush,MCI,MIDFIELDER,NO_PLAY,NO_PLAY,2.42,0,22.3,0,BENCH,HARMLESS,0.0
6,Bruno Borges Fernandes,MUN,MIDFIELDER,START,START,4.75,-1,76.8,90,STARTER,HARMLESS,0.0
6,Guglielmo Vicario,TOT,GOALKEEPER,START,START,5.17,2,79.6,90,CAPTAIN,HARMLESS,0.0
6,Pedro Porro Sauceda,TOT,DEFENDER,START,SUB,4.67,1,76.6,27,STARTER,PREDICTION_ERROR,3.7
6,Cristian Romero,TOT,DEFENDER,START,START,4.56,2,76.6,90,STARTER,HARMLESS,0.0
7,Riccardo Calafiori,ARS,DEFENDER,START,START,5.14,6,64.8,74,STARTER,HARMLESS,0.0
7,Jurriën Timber,ARS,DEFENDER,START,START,5.68,11,76.6,90,CAPTAIN,HARMLESS,0.0
7,Antoine Semenyo,BOU,MIDFIELDER,START,START,5.24,18,76.8,90,STARTER,HARMLESS,0.0
7,Bryan Mbeumo,MUN,MIDFIELDER,START,START,4.32,6,76.7,76,STARTER,HARMLESS,0.0
7,Danny Welbeck,BHA,FORWARD,START,START,3.08,1,43.9,90,STARTER,HARMLESS,0.0
7,Marc Cucurella Saseta,CHE,DEFENDER,START,START,2.94,7,61.1,90,STARTER,HARMLESS,0.0
7,Cole Palmer,CHE,MIDFIELDER,NO_PLAY,NO_PLAY,2.28,0,24.5,0,BENCH,HARMLESS,0.0
7,Marc Guiu Paz,CHE,FORWARD,NO_PLAY,SUB,0.28,1,0.0,16,BENCH,HARMLESS,0.0
7,Norberto Bercique Gomes Betuncal,EVE,FORWARD,START,SUB,2.87,1,57.7,45,STARTER,HARMLESS,0.0
7,Alisson Becker,LIV,GOALKEEPER,START,NO_PLAY,3.1,0,79.6,0,BENCH,HARMLESS,0.0
7,Omar Marmoush,MCI,MIDFIELDER,NO_PLAY,NO_PLAY,0.89,0,3.6,0,BENCH,HARMLESS,0.0
7,Bruno Borges Fernandes,MUN,MIDFIELDER,START,START,5.56,3,76.8,90,STARTER,HARMLESS,0.0
7,Guglielmo Vicario,TOT,GOALKEEPER,START,START,3.78,3,79.6,90,STARTER,HARMLESS,0.0
7,Pedro Porro Sauceda,TOT,DEFENDER,START,START,2.82,7,61.2,90,STARTER,HARMLESS,0.0
7,Cristian Romero,TOT,DEFENDER,START,START,3.12,1,76.6,90,STARTER,HARMLESS,0.0
8,Riccardo Calafiori,ARS,DEFENDER,START,START,4.25,6,65.3,90,STARTER,HARMLESS,0.0
8,Jurriën Timber,ARS,DEFENDER,START,START,4.78,6,76.6,90,STARTER,HARMLESS,0.0
8,Antoine Semenyo,BOU,MIDFIELDER,START,START,5.19,4,76.8,90,CAPTAIN,HARMLESS,0.0
8,Bryan Mbeumo,MUN,MIDFIELDER,START,START,2.98,9,60.0,90,STARTER,HARMLESS,0.0
8,Danny Welbeck,BHA,FORWARD,START,START,2.75,13,44.1,89,STARTER,HARMLESS,0.0
8,Marc Cucurella Saseta,CHE,DEFENDER,START,START,2.82,8,72.8,90,STARTER,HARMLESS,0.0
8,Enzo Fernández,CHE,MIDFIELDER,START,NO_PLAY,4.46,0,76.8,0,STARTER,BOTH,4.5
8,Marc Guiu Paz,CHE,FORWARD,SUB,SUB,0.85,1,19.6,45,AUTOSUB_IN,HARMLESS,0.0
8,Norberto Bercique Gomes Betuncal,EVE,FORWARD,START,START,2.29,2,57.1,74,AUTOSUB_IN,HARMLESS,0.0
8,Alisson Becker,LIV,GOALKEEPER,START,NO_PLAY,2.82,0,58.5,0,BENCH,HARMLESS,0.0
8,Omar Marmoush,MCI,MIDFIELDER,NO_PLAY,NO_PLAY,0.7,0,0.0,0,BENCH,HARMLESS,0.0
8,Bruno Borges Fernandes,MUN,MIDFIELDER,START,START,4.08,8,76.8,84,STARTER,HARMLESS,0.0
8,Guglielmo Vicario,TOT,GOALKEEPER,START,START,4.12,1,79.6,90,STARTER,HARMLESS,0.0
8,Pedro Porro Sauceda,TOT,DEFENDER,START,START,3.24,1,61.2,90,STARTER,HARMLESS,0.0
8,Cristian Romero,TOT,DEFENDER,START,NO_PLAY,3.41,0,76.6,0,STARTER,BOTH,3.4
9,Riccardo Calafiori,ARS,DEFENDER,START,START,4.87,6,65.3,81,STARTER,HARMLESS,0.0
9,Jurriën Timber,ARS,DEFENDER,START,START,5.5,6,76.6,90,STARTER,HARMLESS,0.0
9,Antoine Semenyo,BOU,MIDFIELDER,START,START,5.56,3,76.8,90,CAPTAIN,HARMLESS,0.0
9,Bryan Mbeumo,MUN,MIDFIELDER,START,START,4.24,15,76.7,90,STARTER,HARMLESS,0.0
9,Danny Welbeck,BHA,FORWARD,START,START,2.98,6,55.7,90,STARTER,HARMLESS,0.0
9,Marc Cucurella Saseta,CHE,DEFENDER,START,START,4.13,1,75.8,90,STARTER,HARMLESS,0.0
9,Enzo Fernández,CHE,MIDFIELDER,START,START,4.11,2,51.1,90,STARTER,HARMLESS,0.0
9,Marc Guiu Paz,CHE,FORWARD,SUB,START,1.32,2,25.4,75,BENCH,HARMLESS,0.0
9,Norberto Bercique Gomes Betuncal,EVE,FORWARD,START,START,2.88,2,57.2,65,STARTER,HARMLESS,0.0
9,Omar Marmoush,MCI,MIDFIELDER,NO_PLAY,SUB,0.45,1,0.0,6,BENCH,HARMLESS,0.0
9,Bruno Borges Fernandes,MUN,MIDFIELDER,START,START,4.8,4,76.8,90,STARTER,HARMLESS,0.0
9,Nick Pope,NEW,GOALKEEPER,START,START,4.67,3,79.6,90,STARTER,HARMLESS,0.0
9,Guglielmo Vicario,TOT,GOALKEEPER,START,START,3.46,6,79.6,90,BENCH,HARMLESS,0.0
9,Pedro Porro Sauceda,TOT,DEFENDER,START,START,2.7,11,61.2,90,STARTER,HARMLESS,0.0
9,Cristian Romero,TOT,DEFENDER,START,NO_PLAY,2.4,0,55.1,0,BENCH,HARMLESS,0.0
10,Gabriel dos Santos Magalhães,ARS,DEFENDER,START,START,4.93,12,76.6,90,STARTER,HARMLESS,0.0
10,Riccardo Calafiori,ARS,DEFENDER,START,START,5.12,6,76.6,71,STARTER,HARMLESS,0.0
10,Jurriën Timber,ARS,DEFENDER,START,START,5.28,6,76.6,90,CAPTAIN,HARMLESS,0.0
10,Antoine Semenyo,BOU,MIDFIELDER,START,START,4.01,2,76.8,90,STARTER,HARMLESS,0.0
10,Bryan Mbeumo,MUN,MIDFIELDER,START,START,4.22,2,76.7,90,STARTER,HARMLESS,0.0
10,Danny Welbeck,BHA,FORWARD,START,START,3.94,6,64.9,81,STARTER,HARMLESS,0.0
10,Marc Cucurella Saseta,CHE,DEFENDER,START,START,3.01,7,76.6,90,STARTER,HARMLESS,0.0
10,Enzo Fernández,CHE,MIDFIELDER,START,START,3.57,2,57.8,90,STARTER,HARMLESS,0.0
10,Marc Guiu Paz,CHE,FORWARD,START,NO_PLAY,1.57,0,42.8,0,BENCH,HARMLESS,0.0
10,Norberto Bercique Gomes Betuncal,EVE,FORWARD,START,SUB,2.7,1,57.1,33,BENCH,HARMLESS,0.0
10,Omar Marmoush,MCI,MIDFIELDER,SUB,SUB,1.6,1,19.1,8,BENCH,HARMLESS,0.0
10,Bruno Borges Fernandes,MUN,MIDFIELDER,START,START,4.32,5,76.8,90,STARTER,HARMLESS,0.0
10,Nick Pope,NEW,GOALKEEPER,START,START,4.02,3,79.6,90,BENCH,HARMLESS,0.0
10,Guglielmo Vicario,TOT,GOALKEEPER,START,START,4.15,4,79.6,90,STARTER,HARMLESS,0.0
10,Pedro Porro Sauceda,TOT,DEFENDER,START,START,3.82,2,75.7,72,STARTER,HARMLESS,0.0
11,Gabriel dos Santos Magalhães,ARS,DEFENDER,START,START,4.61,1,76.6,90,STARTER,HARMLESS,0.0
11,Riccardo Calafiori,ARS,DEFENDER,START,START,4.58,1,76.5,90,STARTER,HARMLESS,0.0
11,Jurriën Timber,ARS,DEFENDER,START,START,4.76,1,76.6,90,STARTER,HARMLESS,0.0
11,Antoine Semenyo,BOU,MIDFIELDER,START,START,4.15,0,76.8,90,STARTER,HARMLESS,0.0
11,Bryan Mbeumo,MUN,MIDFIELDER,START,START,4.09,7,76.8,90,STARTER,HARMLESS,0.0
11,Danny Welbeck,BHA,FORWARD,START,START,3.8,2,72.6,84,STARTER,HARMLESS,0.0
11,Marc Cucurella Saseta,CHE,DEFENDER,START,START,4.66,6,76.6,90,STARTER,HARMLESS,0.0
11,Enzo Fernández,CHE,MIDFIELDER,START,START,4.5,3,57.8,82,STARTER,HARMLESS,0.0
11,Jean-Philippe Mateta,CRY,FORWARD,START,START,5.14,2,76.7,90,CAPTAIN,HARMLESS,0.0
11,Norberto Bercique Gomes Betuncal,EVE,FORWARD,START,SUB,2.73,1,53.9,11,BENCH,HARMLESS,0.0
11,Omar Marmoush,MCI,MIDFIELDER,SUB,SUB,1.7,1,20.3,16,BENCH,HARMLESS,0.0
11,Bruno Borges Fernandes,MUN,MIDFIELDER,START,START,4.21,5,76.8,90,STARTER,HARMLESS,0.0
11,Nick Pope,NEW,GOALKEEPER,START,START,3.9,3,79.6,76,BENCH,HARMLESS,0.0
11,Guglielmo Vicario,TOT,GOALKEEPER,START,START,4.05,1,79.6,90,STARTER,HARMLESS,0.0
11,Pedro Porro Sauceda,TOT,DEFENDER,START,START,3.55,2,73.0,66,BENCH,HARMLESS,0.0
12,Gabriel dos Santos Magalhães,ARS,DEFENDER,START,NO_PLAY,4.97,0,76.6,0,STARTER,BOTH,5.0
12,Riccardo Calafiori,ARS,DEFENDER,START,START,5.16,2,76.5,90,STARTER,HARMLESS,0.0
12,Jurriën Timber,ARS,DEFENDER,START,START,5.11,5,76.6,90,STARTER,HARMLESS,0.0
12,Antoine Semenyo,BOU,MIDFIELDER,START,NO_PLAY,5.27,0,76.8,0,CAPTAIN,BOTH,5.3
12,Bryan Mbeumo,MUN,MIDFIELDER,START,START,4.52,1,76.8,90,STARTER,HARMLESS,0.0
12,Danny Welbeck,BHA,FORWARD,START,START,4.05,8,76.6,90,STARTER,HARMLESS,0.0
12,Marc Cucurella Saseta,CHE,DEFENDER,START,START,3.78,6,76.6,90,AUTOSUB_IN,HARMLESS,0.0
12,Enzo Fernández,CHE,MIDFIELDER,START,START,4.29,11,72.4,90,STARTER,HARMLESS,0.0
12,Ismaïla Sarr,CRY,MIDFIELDER,START,START,4.11,3,76.8,90,STARTER,HARMLESS,0.0
12,Jean-Philippe Mateta,CRY,FORWARD,START,START,4.82,1,76.7,59,STARTER,HARMLESS,0.0
12,Norberto Bercique Gomes Betuncal,EVE,FORWARD,START,SUB,2.04,1,43.3,9,BENCH,HARMLESS,0.0
12,Bruno Borges Fernandes,MUN,MIDFIELDER,START,START,4.55,2,76.8,90,STARTER,HARMLESS,0.0
12,Nick Pope,NEW,GOALKEEPER,START,START,3.84,3,79.6,90,STARTER,HARMLESS,0.0
12,Guglielmo Vicario,TOT,GOALKEEPER,START,START,2.76,1,79.6,90,BENCH,HARMLESS,0.0
12,Pedro Porro Sauceda,TOT,DEFENDER,START,SUB,2.03,0,64.9,12,AUTOSUB_IN,HARMLESS,0.0
13,Gabriel dos Santos Magalhães,ARS,DEFENDER,START,NO_PLAY,3.53,0,55.3,0,BENCH,HARMLESS,0.0
13,Riccardo Calafiori,ARS,DEFENDER,START,START,4.32,0,76.6,45,STARTER,HARMLESS,0.0
13,Jurriën Timber,ARS,DEFENDER,START,START,4.49,2,76.6,90,STARTER,HARMLESS,0.0
13,Antoine Semenyo,BOU,MIDFIELDER,START,START,3.51,1,51.1,90,BENCH,HARMLESS,0.0
13,Bryan Mbeumo,MUN,MIDFIELDER,START,START,3.99,1,76.8,90,STARTER,HARMLESS,0.0
13,Igor Thiago Nascimento Rodrigues,BRE,FORWARD,START,START,5.38,13,76.6,90,CAPTAIN,HARMLESS,0.0
13,Danny Welbeck,BHA,FORWARD,START,START,3.83,2,76.6,64,STARTER,HARMLESS,0.0
13,Marc Cucurella Saseta,CHE,DEFENDER,START,START,3.59,1,76.6,90,STARTER,HARMLESS,0.0
13,Enzo Fernández,CHE,MIDFIELDER,START,START,4.24,2,72.4,90,STARTER,HARMLESS,0.0
13,Ismaïla Sarr,CRY,MIDFIELDER,START,START,4.1,1,76.8,37,STARTER,HARMLESS,0.0
13,Jean-Philippe Mateta,CRY,FORWARD,START,START,4.17,6,60.1,90,STARTER,HARMLESS,0.0
13,Bruno Borges Fernandes,MUN,MIDFIELDER,START,START,4.1,11,76.8,90,STARTER,HARMLESS,0.0
13,Nick Pope,NEW,GOALKEEPER,START,NO_PLAY,3.7,0,79.6,0,BENCH,HARMLESS,0.0
13,Guglielmo Vicario,TOT,GOALKEEPER,START,START,3.78,1,79.6,90,STARTER,HARMLESS,0.0
13,Pedro Porro Sauceda,TOT,DEFENDER,START,START,3.0,1,60.9,90,BENCH,HARMLESS,0.0
14,Riccardo Calafiori,ARS,DEFENDER,START,START,4.2,7,63.4,90,STARTER,HARMLESS,0.0
14,Jurriën Timber,ARS,DEFENDER,START,SUB,4.96,1,76.5,46,CAPTAIN,PREDICTION_ERROR,4.0
14,Antoine Semenyo,BOU,MIDFIELDER,START,START,3.98,4,57.4,90,STARTER,HARMLESS,0.0
14,Bryan Mbeumo,MUN,MIDFIELDER,START,START,4.62,2,76.8,90,STARTER,HARMLESS,0.0
14,Igor Thiago Nascimento Rodrigues,BRE,FORWARD,START,SUB,3.83,1,76.6,30,STARTER,PREDICTION_ERROR,2.8
14,Danny Welbeck,BHA,FORWARD,START,SUB,3.56,1,60.1,23,STARTER,PREDICTION_ERROR,2.6
14,Marc Cucurella Saseta,CHE,DEFENDER,START,START,3.37,1,76.5,90,BENCH,HARMLESS,0.0
14,Enzo Fernández,CHE,MIDFIELDER,START,START,4.16,2,75.9,90,STARTER,HARMLESS,0.0
14,Daniel Muñoz Mejía,CRY,DEFENDER,START,START,4.31,14,76.6,90,STARTER,HARMLESS,0.0
14,Ismaïla Sarr,CRY,MIDFIELDER,START,NO_PLAY,3.38,0,59.2,0,BENCH,HARMLESS,0.0
14,Jean-Philippe Mateta,CRY,FORWARD,START,START,4.16,2,60.2,63,STARTER,HARMLESS,0.0
14,Bruno Borges Fernandes,MUN,MIDFIELDER,START,START,4.92,4,76.8,90,STARTER,HARMLESS,0.0
14,Nick Pope,NEW,GOALKEEPER,START,NO_PLAY,3.22,0,56.4,0,BENCH,HARMLESS,0.0
14,Guglielmo Vicario,TOT,GOALKEEPER,START,START,3.18,2,79.5,90,STARTER,HARMLESS,0.0
14,Pedro Porro Sauceda,TOT,DEFENDER,START,START,2.48,1,60.8,90,BENCH,HARMLESS,0.0
15,Riccardo Calafiori,ARS,DEFENDER,START,START,3.29,1,62.0,85,STARTER,HARMLESS,0.0
15,Jurriën Timber,ARS,DEFENDER,START,START,3.16,3,61.0,90,STARTER,HARMLESS,0.0
15,Antoine Semenyo,BOU,MIDFIELDER,START,START,3.93,3,57.6,90,STARTER,HARMLESS,0.0
15,Bryan Mbeumo,MUN,MIDFIELDER,START,START,4.06,8,76.8,90,STARTER,HARMLESS,0.0
15,Igor Thiago Nascimento Rodrigues,BRE,FORWARD,START,START,3.75,2,57.1,90,STARTER,HARMLESS,0.0
15,Danny Welbeck,BHA,FORWARD,START,START,3.74,2,57.1,90,STARTER,HARMLESS,0.0
15,Marc Cucurella Saseta,CHE,DEFENDER,START,START,2.73,6,76.5,90,AUTOSUB_IN,HARMLESS,0.0
15,Enzo Fernández,CHE,MIDFIELDER,START,START,3.66,3,73.2,90,STARTER,HARMLESS,0.0
15,Daniel Muñoz Mejía,CRY,DEFENDER,START,NO_PLAY,4.12,0,76.6,0,STARTER,BOTH,4.1
15,Ismaïla Sarr,CRY,MIDFIELDER,START,NO_PLAY,2.58,0,44.3,0,BENCH,HARMLESS,0.0
15,Jean-Philippe Mateta,CRY,FORWARD,START,START,3.73,2,59.1,65,STARTER,HARMLESS,0.0
15,Bruno Borges Fernandes,MUN,MIDFIELDER,START,START,4.48,18,76.8,90,CAPTAIN,HARMLESS,0.0
15,Guglielmo Vicario,TOT,GOALKEEPER,START,START,3.62,6,79.5,90,BENCH,HARMLESS,0.0
15,Pedro Porro Sauceda,TOT,DEFENDER,START,START,2.86,5,61.0,90,BENCH,HARMLESS,0.0
15,Gianluigi Donnarumma,MCI,GOALKEEPER,START,START,3.83,6,79.5,90,STARTER,HARMLESS,0.0
16,Riccardo Calafiori,ARS,DEFENDER,START,NO_PLAY,4.96,0,64.6,0,STARTER,BOTH,5.0
16,Jurriën Timber,ARS,DEFENDER,START,START,4.97,2,61.3,90,STARTER,HARMLESS,0.0
16,Declan Rice,ARS,MIDFIELDER,START,START,4.48,2,76.7,90,STARTER,HARMLESS,0.0
16,Antoine Semenyo,BOU,MIDFIELDER,START,START,3.62,6,72.6,90,STARTER,HARMLESS,0.0
16,Bryan Mbeumo,MUN,MIDFIELDER,START,START,4.32,2,76.8,90,STARTER,HARMLESS,0.0
16,Igor Thiago Nascimento Rodrigues,BRE,FORWARD,START,START,4.32,2,57.3,90,STARTER,HARMLESS,0.0
16,Danny Welbeck,BHA,FORWARD,START,SUB,2.86,1,57.2,8,BENCH,HARMLESS,0.0
16,Marc Cucurella Saseta,CHE,DEFENDER,START,START,3.84,6,76.6,90,STARTER,HARMLESS,0.0
16,Enzo Fernández,CHE,MIDFIELDER,START,START,4.45,3,76.8,90,STARTER,HARMLESS,0.0
16,Daniel Muñoz Mejía,CRY,DEFENDER,START,NO_PLAY,3.37,0,55.3,0,BENCH,HARMLESS,0.0
16,Jean-Philippe Mateta,CRY,FORWARD,START,START,3.68,2,59.3,62,STARTER,HARMLESS,0.0
16,Bruno Borges Fernandes,MUN,MIDFIELDER,START,START,5.07,13,76.8,90,CAPTAIN,HARMLESS,0.0
16,Guglielmo Vicario,TOT,GOALKEEPER,START,START,3.21,2,79.6,90,BENCH,HARMLESS,0.0
16,Pedro Porro Sauceda,TOT,DEFENDER,START,START,2.74,0,75.0,90,AUTOSUB_IN,HARMLESS,0.0
16,Gianluigi Donnarumma,MCI,GOALKEEPER,START,START,3.34,7,79.6,90,STARTER,HARMLESS,0.0
17,Riccardo Calafiori,ARS,DEFENDER,START,START,3.2,6,55.1,90,BENCH,HARMLESS,0.0
17,Jurriën Timber,ARS,DEFENDER,START,START,3.51,6,61.3,90,STARTER,HARMLESS,0.0
17,Declan Rice,ARS,MIDFIELDER,START,START,3.48,11,76.7,90,STARTER,HARMLESS,0.0
17,Antoine Semenyo,BOU,MIDFIELDER,START,START,4.9,10,72.6,90,CAPTAIN,HARMLESS,0.0
17,Bryan Mbeumo,MUN,MIDFIELDER,START,NO_PLAY,3.63,0,76.8,0,STARTER,BOTH,3.6
17,Igor Thiago Nascimento Rodrigues,BRE,FORWARD,START,START,3.81,2,57.3,90,STARTER,HARMLESS,0.0
17,Danny Welbeck,BHA,FORWARD,START,NO_PLAY,3.06,0,44.1,0,BENCH,HARMLESS,0.0
17,Marc Cucurella Saseta,CHE,DEFENDER,START,START,3.37,1,76.6,90,STARTER,HARMLESS,0.0
17,Enzo Fernández,CHE,MIDFIELDER,START,SUB,4.03,1,76.8,36,STARTER,PREDICTION_ERROR,3.0
17,Jean-Philippe Mateta,CRY,FORWARD,START,START,3.54,2,58.1,76,STARTER,HARMLESS,0.0
17,Nico O'Reilly,MCI,DEFENDER,START,START,4.74,6,76.6,90,STARTER,HARMLESS,0.0
17,Bruno Borges Fernandes,MUN,MIDFIELDER,START,START,4.31,1,76.8,45,STARTER,HARMLESS,0.0
17,Guglielmo Vicario,TOT,GOALKEEPER,START,START,3.67,1,79.6,90,BENCH,HARMLESS,0.0
17,Pedro Porro Sauceda,TOT,DEFENDER,START,START,3.18,1,75.0,90,AUTOSUB_IN,HARMLESS,0.0
17,Gianluigi Donnarumma,MCI,GOALKEEPER,START,START,4.15,7,79.6,90,STARTER,HARMLESS,0.0
18,Riccardo Calafiori,ARS,DEFENDER,START,NO_PLAY,3.92,0,61.1,0,STARTER,BOTH,3.9
18,Jurriën Timber,ARS,DEFENDER,START,NO_PLAY,4.7,0,75.8,0,CAPTAIN,BOTH,4.7
18,Declan Rice,ARS,MIDFIELDER,START,START,3.89,5,76.8,90,STARTER,HARMLESS,0.0
18,Antoine Semenyo,BOU,MIDFIELDER,START,START,4.05,9,76.8,90,STARTER,HARMLESS,0.0
18,Bryan Mbeumo,MUN,MIDFIELDER,START,NO_PLAY,3.38,0,51.1,0,BENCH,HARMLESS,0.0
18,Igor Thiago Nascimento Rodrigues,BRE,FORWARD,START,START,4.23,5,72.9,90,STARTER,HARMLESS,0.0
18,Marc Cucurella Saseta,CHE,DEFENDER,START,START,3.78,2,76.6,68,STARTER,HARMLESS,0.0
18,Enzo Fernández,CHE,MIDFIELDER,START,START,3.71,1,58.0,90,STARTER,HARMLESS,0.0
18,Jean-Philippe Mateta,CRY,FORWARD,START,START,3.79,2,58.7,90,STARTER,HARMLESS,0.0
18,Nico O'Reilly,MCI,DEFENDER,START,START,3.7,1,76.6,90,STARTER,HARMLESS,0.0
18,Bruno Borges Fernandes,MUN,MIDFIELDER,START,NO_PLAY,4.44,0,59.8,0,STARTER,BOTH,4.4
18,Guglielmo Vicario,TOT,GOALKEEPER,START,START,3.11,7,79.6,90,BENCH,HARMLESS,0.0
18,Pedro Porro Sauceda,TOT,DEFENDER,START,START,2.63,6,76.6,90,AUTOSUB_IN,HARMLESS,0.0
18,Dominic Calvert-Lewin,LEE,FORWARD,START,START,3.57,8,72.6,84,AUTOSUB_IN,HARMLESS,0.0
18,Gianluigi Donnarumma,MCI,GOALKEEPER,START,START,3.55,2,79.6,90,STARTER,HARMLESS,0.0
19,Riccardo Calafiori,ARS,DEFENDER,START,NO_PLAY,3.13,0,44.0,0,BENCH,HARMLESS,0.0
19,Jurriën Timber,ARS,DEFENDER,START,START,3.61,9,51.3,82,STARTER,HARMLESS,0.0
19,Declan Rice,ARS,MIDFIELDER,START,NO_PLAY,3.89,0,76.8,0,STARTER,BOTH,3.9
19,Antoine Semenyo,BOU,MIDFIELDER,START,START,4.12,5,76.2,90,STARTER,HARMLESS,0.0
19,Igor Thiago Nascimento Rodrigues,BRE,FORWARD,START,START,4.16,2,72.9,90,STARTER,HARMLESS,0.0
19,Marc Cucurella Saseta,CHE,DEFENDER,START,NO_PLAY,3.68,0,76.5,0,STARTER,BOTH,3.7
19,Enzo Fernández,CHE,MIDFIELDER,START,START,3.59,9,57.8,90,AUTOSUB_IN,HARMLESS,0.0
19,Jean-Philippe Mateta,CRY,FORWARD,START,START,3.75,9,59.8,90,STARTER,HARMLESS,0.0
19,Nico O'Reilly,MCI,DEFENDER,START,START,3.58,1,76.6,56,STARTER,HARMLESS,0.0
19,Bruno Borges Fernandes,MUN,MIDFIELDER,START,NO_PLAY,4.31,0,44.5,0,STARTER,BOTH,4.3
19,Matheus Santos Carneiro da Cunha,MUN,MIDFIELDER,START,START,4.38,2,76.8,90,CAPTAIN,HARMLESS,0.0
19,Guglielmo Vicario,TOT,GOALKEEPER,START,START,3.19,5,79.6,90,BENCH,HARMLESS,0.0
19,Pedro Porro Sauceda,TOT,DEFENDER,START,START,2.71,10,76.6,90,AUTOSUB_IN,HARMLESS,0.0
19,Dominic Calvert-Lewin,LEE,FORWARD,START,SUB,3.47,1,76.6,20,STARTER,PREDICTION_ERROR,2.5
19,Gianluigi Donnarumma,MCI,GOALKEEPER,START,START,3.49,7,79.6,90,STARTER,HARMLESS,0.0
20,Jurriën Timber,ARS,DEFENDER,START,START,3.11,3,61.1,90,STARTER,HARMLESS,0.0
20,Declan Rice,ARS,MIDFIELDER,START,START,2.67,17,51.1,90,BENCH,HARMLESS,0.0
20,Antoine Semenyo,BOU,MIDFIELDER,START,START,4.16,1,76.8,90,CAPTAIN,HARMLESS,0.0
20,Igor Thiago Nascimento Rodrigues,BRE,FORWARD,START,START,3.83,17,76.6,90,STARTER,HARMLESS,0.0
20,Marc Cucurella Saseta,CHE,DEFENDER,START,NO_PLAY,1.84,0,54.4,0,BENCH,HARMLESS,0.0
20,Enzo Fernández,CHE,MIDFIELDER,START,START,2.85,11,57.9,90,STARTER,HARMLESS,0.0
20,Jean-Philippe Mateta,CRY,FORWARD,START,START,3.89,2,73.1,86,STARTER,HARMLESS,0.0
20,Nico O'Reilly,MCI,DEFENDER,START,START,3.59,2,63.6,90,STARTER,HARMLESS,0.0
20,Bruno Borges Fernandes,MUN,MIDFIELDER,NO_PLAY,NO_PLAY,1.45,0,0.0,0,BENCH,HARMLESS,0.0
20,Matheus Santos Carneiro da Cunha,MUN,MIDFIELDER,START,START,3.4,9,76.8,90,STARTER,HARMLESS,0.0
20,Guglielmo Vicario,TOT,GOALKEEPER,START,START,4.11,2,79.4,90,STARTER,HARMLESS,0.0
20,Pedro Porro Sauceda,TOT,DEFENDER,START,START,3.81,4,76.5,90,STARTER,HARMLESS,0.0
20,Micky van de Ven,TOT,DEFENDER,START,START,4.06,7,76.4,90,STARTER,HARMLESS,0.0
20,Dominic Calvert-Lewin,LEE,FORWARD,START,START,3.39,2,56.2,90,STARTER,HARMLESS,0.0
20,Gianluigi Donnarumma,MCI,GOALKEEPER,START,START,3.98,2,79.5,90,BENCH,HARMLESS,0.0
21,Jurriën Timber,ARS,DEFENDER,START,START,4.01,6,61.1,90,STARTER,HARMLESS,0.0
21,Declan Rice,ARS,MIDFIELDER,START,START,3.58,3,57.8,90,STARTER,HARMLESS,0.0
21,Antoine Semenyo,BOU,MIDFIELDER,START,START,4.37,6,76.8,90,STARTER,HARMLESS,0.0
21,Igor Thiago Nascimento Rodrigues,BRE,FORWARD,START,START,4.79,12,74.2,81,CAPTAIN,HARMLESS,0.0
21,Enzo Fernández,CHE,MIDFIELDER,START,START,3.85,1,69.7,64,STARTER,HARMLESS,0.0
21,Jean-Philippe Mateta,CRY,FORWARD,START,START,4.15,2,73.3,90,STARTER,HARMLESS,0.0
21,James Tarkowski,EVE,DEFENDER,START,START,4.5,4,76.5,90,STARTER,HARMLESS,0.0
21,Nico O'Reilly,MCI,DEFENDER,START,SUB,3.46,1,62.3,17,STARTER,PREDICTION_ERROR,2.5
21,Bruno Borges Fernandes,MUN,MIDFIELDER,NO_PLAY,START,1.53,7,0.0,60,BENCH,BOTH,5.5
21,Matheus Santos Carneiro da Cunha,MUN,MIDFIELDER,START,START,3.67,2,76.8,73,STARTER,HARMLESS,0.0
21,Guglielmo Vicario,TOT,GOALKEEPER,START,START,2.94,1,79.4,90,BENCH,HARMLESS,0.0
21,Pedro Porro Sauceda,TOT,DEFENDER,START,START,2.47,0,76.5,90,BENCH,HARMLESS,0.0
21,Micky van de Ven,TOT,DEFENDER,START,START,2.67,0,76.4,90,BENCH,HARMLESS,0.0
21,Dominic Calvert-Lewin,LEE,FORWARD,START,START,3.1,8,57.1,86,STARTER,HARMLESS,0.0
21,Gianluigi Donnarumma,MCI,GOALKEEPER,START,START,3.91,1,79.4,90,STARTER,HARMLESS,0.0
22,Jurriën Timber,ARS,DEFENDER,START,START,3.95,5,73.6,90,STARTER,HARMLESS,0.0
22,Declan Rice,ARS,MIDFIELDER,START,START,3.23,3,57.8,90,BENCH,HARMLESS,0.0
22,Antoine Semenyo,MCI,MIDFIELDER,START,START,3.64,2,76.8,90,STARTER,HARMLESS,0.0
22,Igor Thiago Nascimento Rodrigues,BRE,FORWARD,START,START,4.36,2,76.6,90,CAPTAIN,HARMLESS,0.0
22,Enzo Fernández,CHE,MIDFIELDER,START,START,4.2,6,71.5,84,STARTER,HARMLESS,0.0
22,Jean-Philippe Mateta,CRY,FORWARD,START,START,3.83,2,76.6,90,STARTER,HARMLESS,0.0
22,James Tarkowski,EVE,DEFENDER,START,START,2.61,8,76.6,90,BENCH,HARMLESS,0.0
22,Ibrahima Konaté,LIV,DEFENDER,START,START,4.03,2,76.6,90,STARTER,HARMLESS,0.0
22,Bruno Borges Fernandes,MUN,MIDFIELDER,START,START,3.32,10,43.8,90,BENCH,HARMLESS,0.0
22,Matheus Santos Carneiro da Cunha,MUN,MIDFIELDER,START,SUB,3.44,4,76.7,19,STARTER,PREDICTION_ERROR,0.0
22,Guglielmo Vicario,TOT,GOALKEEPER,START,START,3.98,1,79.6,90,STARTER,HARMLESS,0.0
22,Pedro Porro Sauceda,TOT,DEFENDER,START,START,3.68,4,76.6,90,STARTER,HARMLESS,0.0
22,Micky van de Ven,TOT,DEFENDER,START,START,4.01,0,76.6,90,STARTER,HARMLESS,0.0
22,Dominic Calvert-Lewin,LEE,FORWARD,START,START,3.49,2,57.2,90,STARTER,HARMLESS,0.0
22,Gianluigi Donnarumma,MCI,GOALKEEPER,START,START,3.02,2,79.6,90,BENCH,HARMLESS,0.0
23,Gabriel dos Santos Magalhães,ARS,DEFENDER,START,START,4.63,1,75.8,90,STARTER,HARMLESS,0.0
23,Jurriën Timber,ARS,DEFENDER,START,START,4.64,1,75.8,90,STARTER,HARMLESS,0.0
23,Declan Rice,ARS,MIDFIELDER,START,START,3.87,1,72.6,90,STARTER,HARMLESS,0.0
23,Antoine Semenyo,MCI,MIDFIELDER,START,START,4.9,8,76.8,90,CAPTAIN,HARMLESS,0.0
23,Igor Thiago Nascimento Rodrigues,BRE,FORWARD,START,START,4.66,2,76.6,90,STARTER,HARMLESS,0.0
23,Enzo Fernández,CHE,MIDFIELDER,START,START,3.48,8,60.1,90,STARTER,HARMLESS,0.0
23,Jean-Philippe Mateta,CRY,FORWARD,START,START,4.09,2,76.6,84,STARTER,HARMLESS,0.0
23,James Tarkowski,EVE,DEFENDER,START,START,4.14,4,76.6,90,STARTER,HARMLESS,0.0
23,Bruno Borges Fernandes,MUN,MIDFIELDER,START,START,2.88,5,45.9,90,BENCH,HARMLESS,0.0
23,Matheus Santos Carneiro da Cunha,MUN,MIDFIELDER,START,SUB,2.52,9,57.9,21,BENCH,BOTH,6.5
23,Guglielmo Vicario,TOT,GOALKEEPER,START,START,3.38,1,79.6,90,BENCH,HARMLESS,0.0
23,Pedro Porro Sauceda,TOT,DEFENDER,START,START,3.21,1,76.6,45,BENCH,HARMLESS,0.0
23,Micky van de Ven,TOT,DEFENDER,START,START,3.42,7,76.6,90,STARTER,HARMLESS,0.0
23,Dominic Calvert-Lewin,LEE,FORWARD,START,START,3.56,2,72.6,90,STARTER,HARMLESS,0.0
23,Gianluigi Donnarumma,MCI,GOALKEEPER,START,START,4.42,8,79.6,90,STARTER,HARMLESS,0.0
24,Gabriel dos Santos Magalhães,ARS,DEFENDER,START,START,3.97,8,76.6,90,STARTER,HARMLESS,0.0
24,Jurriën Timber,ARS,DEFENDER,START,START,3.98,5,76.6,90,STARTER,HARMLESS,0.0
24,Declan Rice,ARS,MIDFIELDER,START,START,3.49,3,72.6,90,STARTER,HARMLESS,0.0
24,Antoine Semenyo,MCI,MIDFIELDER,START,START,3.92,7,76.8,90,STARTER,HARMLESS,0.0
24,Igor Thiago Nascimento Rodrigues,BRE,FORWARD,START,START,3.9,2,76.6,90,STARTER,HARMLESS,0.0
24,Enzo Fernández,CHE,MIDFIELDER,START,START,4.23,8,60.1,90,STARTER,HARMLESS,0.0
24,Jean-Philippe Mateta,CRY,FORWARD,START,NO_PLAY,3.74,0,76.6,0,STARTER,BOTH,3.7
24,James Tarkowski,EVE,DEFENDER,START,START,2.65,2,76.6,90,AUTOSUB_IN,HARMLESS,0.0
24,Bruno Borges Fernandes,MUN,MIDFIELDER,START,START,4.37,10,63.0,90,CAPTAIN,HARMLESS,0.0
24,Matheus Santos Carneiro da Cunha,MUN,MIDFIELDER,START,START,2.81,9,44.7,73,BENCH,HARMLESS,0.0
24,Guglielmo Vicario,TOT,GOALKEEPER,START,START,3.12,1,79.6,90,BENCH,HARMLESS,0.0
24,Micky van de Ven,TOT,DEFENDER,START,NO_PLAY,2.96,0,76.6,0,BENCH,HARMLESS,0.0
24,Dominic Calvert-Lewin,LEE,FORWARD,START,START,3.58,2,72.6,84,STARTER,HARMLESS,0.0
24,Nordi Mukiele,SUN,DEFENDER,START,START,4.05,9,76.6,90,STARTER,HARMLESS,0.0
24,Gianluigi Donnarumma,MCI,GOALKEEPER,START,START,3.49,2,79.6,90,STARTER,HARMLESS,0.0
25,Gabriel dos Santos Magalhães,ARS,DEFENDER,START,START,5.1,6,76.6,90,CAPTAIN,HARMLESS,0.0
25,Jurriën Timber,ARS,DEFENDER,START,START,5.06,6,76.6,90,STARTER,HARMLESS,0.0
25,Declan Rice,ARS,MIDFIELDER,START,START,4.2,5,76.8,90,STARTER,HARMLESS,0.0
25,Antoine Semenyo,MCI,MIDFIELDER,START,START,3.65,2,76.8,90,STARTER,HARMLESS,0.0
25,Igor Thiago Nascimento Rodrigues,BRE,FORWARD,START,START,4.11,5,76.6,90,STARTER,HARMLESS,0.0
25,Trevoh Chalobah,CHE,DEFENDER,START,START,3.56,4,76.6,90,STARTER,HARMLESS,0.0
25,Enzo Fernández,CHE,MIDFIELDER,START,START,4.41,2,76.8,90,STARTER,HARMLESS,0.0
25,Jean-Philippe Mateta,CRY,FORWARD,START,NO_PLAY,2.69,0,50.8,0,BENCH,HARMLESS,0.0
25,James Tarkowski,EVE,DEFENDER,START,START,2.99,2,76.6,90,STARTER,HARMLESS,0.0
25,Bruno Borges Fernandes,MUN,MIDFIELDER,START,START,4.75,10,72.7,90,STARTER,HARMLESS,0.0
25,Matheus Santos Carneiro da Cunha,MUN,MIDFIELDER,START,START,2.88,3,44.7,74,BENCH,HARMLESS,0.0
25,Guglielmo Vicario,TOT,GOALKEEPER,START,START,2.78,3,79.6,90,BENCH,HARMLESS,0.0
25,Micky van de Ven,TOT,DEFENDER,START,START,2.08,1,55.1,90,BENCH,HARMLESS,0.0
25,Dominic Calvert-Lewin,LEE,FORWARD,START,START,3.85,7,76.6,90,STARTER,HARMLESS,0.0
25,Gianluigi Donnarumma,MCI,GOALKEEPER,START,START,3.01,3,79.6,90,STARTER,HARMLESS,0.0
26,Gabriel dos Santos Magalhães,ARS,DEFENDER,START,START,8.51,4,76.6,90,CAPTAIN,HARMLESS,0.0
26,Jurriën Timber,ARS,DEFENDER,START,START,8.46,1,76.6,90,STARTER,HARMLESS,0.0
26,Declan Rice,ARS,MIDFIELDER,START,START,7.39,9,76.8,90,STARTER,HARMLESS,0.0
26,Antoine Semenyo,MCI,MIDFIELDER,START,START,4.27,14,76.2,90,STARTER,HARMLESS,0.0
26,Igor Thiago Nascimento Rodrigues,BRE,FORWARD,START,START,4.18,2,76.6,90,STARTER,HARMLESS,0.0
26,Trevoh Chalobah,CHE,DEFENDER,START,START,4.07,3,76.5,90,STARTER,HARMLESS,0.0
26,Enzo Fernández,CHE,MIDFIELDER,START,START,4.83,2,76.2,90,STARTER,HARMLESS,0.0
26,James Tarkowski,EVE,DEFENDER,START,START,3.6,1,76.5,90,STARTER,HARMLESS,0.0
26,Bruno Borges Fernandes,MUN,MIDFIELDER,START,START,4.6,2,76.8,90,STARTER,HARMLESS,0.0
26,Matheus Santos Carneiro da Cunha,MUN,MIDFIELDER,START,START,2.89,2,54.0,68,BENCH,HARMLESS,0.0
26,Guglielmo Vicario,TOT,GOALKEEPER,START,START,3.5,2,79.6,90,BENCH,HARMLESS,0.0
26,Micky van de Ven,TOT,DEFENDER,START,START,2.96,3,61.0,90,BENCH,HARMLESS,0.0
26,Dominic Calvert-Lewin,LEE,FORWARD,START,NO_PLAY,3.55,0,76.6,0,BENCH,HARMLESS,0.0
26,Gianluigi Donnarumma,MCI,GOALKEEPER,START,START,3.8,7,79.5,90,STARTER,HARMLESS,0.0
26,Mateus Mané,WOL,FORWARD,START,START,4.31,2,70.8,90,STARTER,HARMLESS,0.0
27,Gabriel dos Santos Magalhães,ARS,DEFENDER,START,START,3.94,2,76.6,90,STARTER,HARMLESS,0.0
27,Jurriën Timber,ARS,DEFENDER,START,START,3.91,3,76.6,56,STARTER,HARMLESS,0.0
27,Declan Rice,ARS,MIDFIELDER,START,START,3.62,4,76.8,90,STARTER,HARMLESS,0.0
27,Antoine Semenyo,MCI,MIDFIELDER,START,START,4.44,4,76.8,86,STARTER,HARMLESS,0.0
27,Igor Thiago Nascimento Rodrigues,BRE,FORWARD,START,START,4.5,2,76.6,90,STARTER,HARMLESS,0.0
27,Trevoh Chalobah,CHE,DEFENDER,START,START,4.42,2,76.6,90,STARTER,HARMLESS,0.0
27,Cole Palmer,CHE,MIDFIELDER,START,START,5.63,3,71.3,74,CAPTAIN,HARMLESS,0.0
27,Enzo Fernández,CHE,MIDFIELDER,START,START,5.19,2,76.8,90,STARTER,HARMLESS,0.0
27,James Tarkowski,EVE,DEFENDER,START,START,3.58,1,76.6,90,STARTER,HARMLESS,0.0
27,Bruno Borges Fernandes,MUN,MIDFIELDER,START,START,4.49,2,76.8,90,STARTER,HARMLESS,0.0
27,Guglielmo Vicario,TOT,GOALKEEPER,START,START,3.03,0,79.6,90,BENCH,HARMLESS,0.0
27,Micky van de Ven,TOT,DEFENDER,START,START,2.5,0,61.0,90,BENCH,HARMLESS,0.0
27,Dominic Calvert-Lewin,LEE,FORWARD,START,START,2.58,2,50.6,90,BENCH,HARMLESS,0.0
27,Gianluigi Donnarumma,MCI,GOALKEEPER,START,START,3.87,5,79.6,90,STARTER,HARMLESS,0.0
27,Mateus Mané,WOL,FORWARD,START,START,2.11,2,70.8,90,BENCH,HARMLESS,0.0
28,Gabriel dos Santos Magalhães,ARS,DEFENDER,START,START,4.42,9,76.6,90,STARTER,HARMLESS,0.0
28,Jurriën Timber,ARS,DEFENDER,START,START,3.99,8,65.8,90,STARTER,HARMLESS,0.0
28,Declan Rice,ARS,MIDFIELDER,START,START,3.9,5,76.8,75,STARTER,HARMLESS,0.0
28,Antoine Semenyo,MCI,MIDFIELDER,START,START,4.02,8,76.8,90,STARTER,HARMLESS,0.0
28,Igor Thiago Nascimento Rodrigues,BRE,FORWARD,START,START,4.38,6,76.6,90,STARTER,HARMLESS,0.0
28,Cole Palmer,CHE,MIDFIELDER,START,START,3.29,1,58.6,85,STARTER,HARMLESS,0.0
28,Enzo Fernández,CHE,MIDFIELDER,START,START,3.4,1,76.8,85,STARTER,HARMLESS,0.0
28,James Tarkowski,EVE,DEFENDER,START,START,2.9,3,76.6,90,STARTER,HARMLESS,0.0
28,Virgil van Dijk,LIV,DEFENDER,START,START,3.98,7,76.6,90,STARTER,HARMLESS,0.0
28,Bruno Borges Fernandes,MUN,MIDFIELDER,START,START,4.88,13,76.8,90,CAPTAIN,HARMLESS,0.0
28,Guglielmo Vicario,TOT,GOALKEEPER,START,START,2.94,1,79.6,90,BENCH,HARMLESS,0.0
28,Micky van de Ven,TOT,DEFENDER,START,START,2.67,0,75.0,90,BENCH,HARMLESS,0.0
28,Dominic Calvert-Lewin,LEE,FORWARD,START,START,2.99,2,57.1,90,BENCH,HARMLESS,0.0
28,Gianluigi Donnarumma,MCI,GOALKEEPER,START,START,3.48,5,79.6,90,STARTER,HARMLESS,0.0
28,Mateus Mané,WOL,FORWARD,START,START,2.27,2,76.6,90,BENCH,HARMLESS,0.0
29,Gabriel dos Santos Magalhães,ARS,DEFENDER,START,START,3.43,11,76.5,90,STARTER,HARMLESS,0.0
29,Jurriën Timber,ARS,DEFENDER,START,START,2.97,13,63.9,90,BENCH,HARMLESS,0.0
29,Declan Rice,ARS,MIDFIELDER,START,START,3.21,3,73.6,90,STARTER,HARMLESS,0.0
29,Antoine Semenyo,MCI,MIDFIELDER,START,START,4.51,7,76.8,90,STARTER,HARMLESS,0.0
29,Igor Thiago Nascimento Rodrigues,BRE,FORWARD,START,START,3.8,2,76.6,90,STARTER,HARMLESS,0.0
29,Cole Palmer,CHE,MIDFIELDER,START,START,3.97,9,73.5,84,STARTER,HARMLESS,0.0
29,Enzo Fernández,CHE,MIDFIELDER,START,START,3.58,4,76.0,78,STARTER,HARMLESS,0.0
29,Jordan Pickford,EVE,GOALKEEPER,START,START,4.44,6,79.5,90,STARTER,HARMLESS,0.0
29,James Tarkowski,EVE,DEFENDER,START,START,4.28,15,76.5,90,STARTER,HARMLESS,0.0
29,Virgil van Dijk,LIV,DEFENDER,START,START,3.38,1,76.6,90,STARTER,HARMLESS,0.0
29,Bruno Borges Fernandes,MUN,MIDFIELDER,START,START,4.57,8,76.8,90,CAPTAIN,HARMLESS,0.0
29,Micky van de Ven,TOT,DEFENDER,START,START,3.04,-3,75.0,37,BENCH,HARMLESS,0.0
29,Dominic Calvert-Lewin,LEE,FORWARD,START,START,3.46,2,57.0,90,STARTER,HARMLESS,0.0
29,Gianluigi Donnarumma,MCI,GOALKEEPER,START,START,3.9,1,79.6,90,BENCH,HARMLESS,0.0
29,Mateus Mané,WOL,FORWARD,START,START,2.26,2,76.6,69,BENCH,HARMLESS,0.0
30,Gabriel dos Santos Magalhães,ARS,DEFENDER,START,START,4.49,9,76.6,90,STARTER,HARMLESS,0.0
30,Jurriën Timber,ARS,DEFENDER,START,START,4.11,1,65.8,37,STARTER,HARMLESS,0.0
30,Declan Rice,ARS,MIDFIELDER,START,START,3.86,3,76.7,90,STARTER,HARMLESS,0.0
30,Antoine Semenyo,MCI,MIDFIELDER,START,START,4.08,2,76.8,74,STARTER,HARMLESS,0.0
30,Igor Thiago Nascimento Rodrigues,BRE,FORWARD,START,START,5.06,6,76.6,90,STARTER,HARMLESS,0.0
30,Cole Palmer,CHE,MIDFIELDER,START,START,4.86,2,76.6,90,STARTER,HARMLESS,0.0
30,Enzo Fernández,CHE,MIDFIELDER,START,START,4.25,2,76.7,90,STARTER,HARMLESS,0.0
30,Daniel Muñoz Mejía,CRY,DEFENDER,START,NO_PLAY,3.86,0,63.4,0,STARTER,BOTH,3.9
30,Jordan Pickford,EVE,GOALKEEPER,START,START,2.72,2,79.6,90,BENCH,HARMLESS,0.0
30,James Tarkowski,EVE,DEFENDER,START,NO_PLAY,2.26,0,76.6,0,BENCH,HARMLESS,0.0
30,Virgil van Dijk,LIV,DEFENDER,START,START,3.64,2,76.6,90,STARTER,HARMLESS,0.0
30,Bruno Borges Fernandes,MUN,MIDFIELDER,START,START,5.06,10,76.8,90,CAPTAIN,HARMLESS,0.0
30,Dominic Calvert-Lewin,LEE,FORWARD,START,START,3.32,0,72.8,90,AUTOSUB_IN,HARMLESS,0.0
30,Gianluigi Donnarumma,MCI,GOALKEEPER,START,START,3.47,2,79.6,90,STARTER,HARMLESS,0.0
30,Mateus Mané,WOL,FORWARD,START,START,2.12,1,76.5,45,BENCH,HARMLESS,0.0
31,Igor Thiago Nascimento Rodrigues,BRE,FORWARD,START,START,4.14,4,76.6,90,STARTER,HARMLESS,0.0
31,Cole Palmer,CHE,MIDFIELDER,START,START,4.36,2,76.7,90,BENCH,HARMLESS,0.0
31,Enzo Fernández,CHE,MIDFIELDER,START,START,3.81,2,76.7,90,STARTER,HARMLESS,0.0
31,Jordan Pickford,EVE,GOALKEEPER,START,START,3.8,7,79.6,90,BENCH,HARMLESS,0.0
31,James Tarkowski,EVE,DEFENDER,START,START,2.98,6,55.3,90,STARTER,HARMLESS,0.0
31,Kenny Tete,FUL,DEFENDER,START,NO_PLAY,3.58,0,76.6,0,BENCH,HARMLESS,0.0
31,Bruno Borges Fernandes,MUN,MIDFIELDER,START,START,4.25,13,76.8,90,CAPTAIN,HARMLESS,0.0
31,Dominic Calvert-Lewin,LEE,FORWARD,START,START,3.61,2,72.8,90,STARTER,HARMLESS,0.0
32,Gabriel dos Santos Magalhães,ARS,DEFENDER,START,START,4.5,4,76.6,90,STARTER,HARMLESS,0.0
32,Jurriën Timber,ARS,DEFENDER,START,NO_PLAY,3.95,0,64.4,0,STARTER,BOTH,4.0
32,Declan Rice,ARS,MIDFIELDER,START,START,3.78,4,76.7,90,STARTER,HARMLESS,0.0
32,Antoine Semenyo,MCI,MIDFIELDER,START,START,4.0,2,76.7,90,STARTER,HARMLESS,0.0
32,Igor Thiago Nascimento Rodrigues,BRE,FORWARD,START,START,4.49,13,76.6,90,STARTER,HARMLESS,0.0
32,Cole Palmer,CHE,MIDFIELDER,START,START,4.32,4,76.8,90,STARTER,HARMLESS,0.0
32,Enzo Fernández,CHE,MIDFIELDER,START,NO_PLAY,3.84,0,76.7,0,STARTER,BOTH,3.8
32,Daniel Muñoz Mejía,CRY,DEFENDER,START,START,2.98,4,51.8,90,AUTOSUB_IN,HARMLESS,0.0
32,Jordan Pickford,EVE,GOALKEEPER,START,START,3.31,0,79.6,90,BENCH,HARMLESS,0.0
32,James Tarkowski,EVE,DEFENDER,START,START,2.67,3,61.1,90,AUTOSUB_IN,HARMLESS,0.0
32,Bruno Borges Fernandes,MUN,MIDFIELDER,START,START,5.64,4,76.8,90,CAPTAIN,HARMLESS,0.0
32,Dominic Calvert-Lewin,LEE,FORWARD,START,START,3.14,2,76.6,90,STARTER,HARMLESS,0.0
32,Gianluigi Donnarumma,MCI,GOALKEEPER,START,START,3.43,7,79.6,90,STARTER,HARMLESS,0.0
32,Mateus Mané,WOL,FORWARD,START,SUB,1.81,1,58.0,29,BENCH,HARMLESS,0.0
32,Axel Disasi,WHU,DEFENDER,START,START,3.51,6,76.0,90,STARTER,HARMLESS,0.0
33,Gabriel dos Santos Magalhães,ARS,DEFENDER,START,START,2.86,0,76.6,90,STARTER,HARMLESS,0.0
33,Jurriën Timber,ARS,DEFENDER,START,NO_PLAY,2.27,0,53.2,0,BENCH,HARMLESS,0.0
33,Declan Rice,ARS,MIDFIELDER,START,START,2.95,2,76.8,90,AUTOSUB_IN,HARMLESS,0.0
33,Antoine Semenyo,MCI,MIDFIELDER,START,START,8.26,3,76.7,64,STARTER,HARMLESS,0.0
33,Igor Thiago Nascimento Rodrigues,BRE,FORWARD,START,START,4.61,2,76.6,90,STARTER,HARMLESS,0.0
33,Danny Welbeck,BHA,FORWARD,START,SUB,7.12,6,72.1,7,STARTER,PREDICTION_ERROR,1.1
33,Cole Palmer,CHE,MIDFIELDER,START,NO_PLAY,8.54,0,76.8,0,CAPTAIN,BOTH,8.5
33,Enzo Fernández,CHE,MIDFIELDER,START,START,6.01,2,51.1,90,STARTER,HARMLESS,0.0
33,Daniel Muñoz Mejía,CRY,DEFENDER,START,START,3.64,7,60.2,90,STARTER,HARMLESS,0.0
33,Jordan Pickford,EVE,GOALKEEPER,START,START,3.8,1,79.6,90,BENCH,HARMLESS,0.0
33,James Tarkowski,EVE,DEFENDER,START,START,3.15,1,61.1,90,STARTER,HARMLESS,0.0
33,Bruno Borges Fernandes,MUN,MIDFIELDER,START,START,4.71,6,76.8,90,STARTER,HARMLESS,0.0
33,Dominic Calvert-Lewin,LEE,FORWARD,START,START,7.52,2,76.6,90,STARTER,HARMLESS,0.0
33,Gianluigi Donnarumma,MCI,GOALKEEPER,START,START,7.29,6,79.6,90,STARTER,HARMLESS,0.0
33,Axel Disasi,WHU,DEFENDER,START,START,2.6,9,76.0,90,BENCH,HARMLESS,0.0
34,Gabriel dos Santos Magalhães,ARS,DEFENDER,START,START,4.35,8,76.6,90,STARTER,HARMLESS,0.0
34,Declan Rice,ARS,MIDFIELDER,START,START,3.69,2,76.8,90,STARTER,HARMLESS,0.0
34,Igor Thiago Nascimento Rodrigues,BRE,FORWARD,START,START,3.85,1,76.6,90,STARTER,HARMLESS,0.0
34,Daniel Muñoz Mejía,CRY,DEFENDER,START,START,2.47,6,61.1,90,AUTOSUB_IN,HARMLESS,0.0
34,Jordan Pickford,EVE,GOALKEEPER,START,START,3.24,1,79.6,90,STARTER,HARMLESS,0.0
34,James Tarkowski,EVE,DEFENDER,START,START,2.9,3,75.7,90,STARTER,HARMLESS,0.0
34,Virgil van Dijk,LIV,DEFENDER,START,START,3.66,4,76.6,90,AUTOSUB_IN,HARMLESS,0.0
34,Bruno Borges Fernandes,MUN,MIDFIELDER,START,START,5.14,5,76.8,90,CAPTAIN,HARMLESS,0.0
34,Axel Disasi,WHU,DEFENDER,START,START,3.11,3,76.0,90,AUTOSUB_IN,HARMLESS,0.0
35,Gabriel dos Santos Magalhães,ARS,DEFENDER,START,START,4.35,6,76.6,90,STARTER,HARMLESS,0.0
35,Declan Rice,ARS,MIDFIELDER,START,START,3.68,5,76.8,63,STARTER,HARMLESS,0.0
35,Antoine Semenyo,MCI,MIDFIELDER,START,START,3.88,2,76.5,74,STARTER,HARMLESS,0.0
35,Keane Lewis-Potter,BRE,DEFENDER,START,START,4.08,11,76.6,90,STARTER,HARMLESS,0.0
35,Igor Thiago Nascimento Rodrigues,BRE,FORWARD,START,START,4.8,6,76.6,90,STARTER,HARMLESS,0.0
35,Danny Welbeck,BHA,FORWARD,START,START,3.01,5,57.1,80,BENCH,HARMLESS,0.0
35,Cole Palmer,CHE,MIDFIELDER,START,START,3.51,0,51.2,90,STARTER,HARMLESS,0.0
35,Enzo Fernández,CHE,MIDFIELDER,START,START,3.47,2,57.8,90,STARTER,HARMLESS,0.0
35,Daniel Muñoz Mejía,CRY,DEFENDER,START,START,2.8,0,75.7,45,BENCH,HARMLESS,0.0
35,Jordan Pickford,EVE,GOALKEEPER,START,START,3.25,1,79.6,90,BENCH,HARMLESS,0.0
35,James Tarkowski,EVE,DEFENDER,START,START,2.96,0,75.7,90,STARTER,HARMLESS,0.0
35,Bruno Borges Fernandes,MUN,MIDFIELDER,START,START,5.13,5,76.8,90,CAPTAIN,HARMLESS,0.0
35,Dominic Calvert-Lewin,LEE,FORWARD,START,START,4.3,6,76.6,90,STARTER,HARMLESS,0.0
35,Gianluigi Donnarumma,MCI,GOALKEEPER,START,START,3.48,1,79.6,90,STARTER,HARMLESS,0.0
35,Axel Disasi,WHU,DEFENDER,START,START,2.57,1,76.0,90,BENCH,HARMLESS,0.0
36,Gabriel dos Santos Magalhães,ARS,DEFENDER,START,START,3.9,11,76.6,90,STARTER,HARMLESS,0.0
36,Declan Rice,ARS,MIDFIELDER,START,START,3.34,3,76.4,90,STARTER,HARMLESS,0.0
36,Antoine Semenyo,MCI,MIDFIELDER,START,START,7.54,9,59.7,90,STARTER,HARMLESS,0.0
36,Igor Thiago Nascimento Rodrigues,BRE,FORWARD,START,START,3.53,2,76.6,90,STARTER,HARMLESS,0.0
36,Danny Welbeck,BHA,FORWARD,START,START,3.71,2,57.1,75,STARTER,HARMLESS,0.0
36,Cole Palmer,CHE,MIDFIELDER,START,START,3.23,2,57.9,90,BENCH,HARMLESS,0.0
36,Enzo Fernández,CHE,MIDFIELDER,START,START,3.29,8,72.5,90,STARTER,HARMLESS,0.0
36,Daniel Muñoz Mejía,CRY,DEFENDER,START,START,5.43,1,61.8,81,STARTER,HARMLESS,0.0
36,Jordan Pickford,EVE,GOALKEEPER,START,START,3.17,3,79.6,90,BENCH,HARMLESS,0.0
36,James Tarkowski,EVE,DEFENDER,START,START,2.85,15,76.6,90,AUTOSUB_IN,HARMLESS,0.0
36,Nico O'Reilly,MCI,DEFENDER,START,NO_PLAY,8.66,0,76.6,0,CAPTAIN,BOTH,8.7
36,Bruno Borges Fernandes,MUN,MIDFIELDER,START,START,4.65,3,76.8,90,STARTER,HARMLESS,0.0
36,Dominic Calvert-Lewin,LEE,FORWARD,START,START,3.49,7,76.6,90,STARTER,HARMLESS,0.0
36,Gianluigi Donnarumma,MCI,GOALKEEPER,START,START,7.66,8,79.6,90,STARTER,HARMLESS,0.0
36,Axel Disasi,WHU,DEFENDER,START,START,2.57,2,76.0,84,BENCH,HARMLESS,0.0
37,David Raya Martín,ARS,GOALKEEPER,START,START,5.0,6,79.6,90,STARTER,HARMLESS,0.0
37,Gabriel dos Santos Magalhães,ARS,DEFENDER,START,START,5.59,6,76.6,90,CAPTAIN,HARMLESS,0.0
37,Declan Rice,ARS,MIDFIELDER,START,START,4.17,5,76.4,90,STARTER,HARMLESS,0.0
37,Antoine Semenyo,MCI,MIDFIELDER,START,START,3.61,1,76.7,55,STARTER,HARMLESS,0.0
37,Igor Thiago Nascimento Rodrigues,BRE,FORWARD,START,START,4.44,2,76.6,90,STARTER,HARMLESS,0.0
37,Danny Welbeck,BHA,FORWARD,START,START,2.97,2,57.1,64,BENCH,HARMLESS,0.0
37,Cole Palmer,CHE,MIDFIELDER,START,START,3.75,2,57.9,88,STARTER,HARMLESS,0.0
37,Enzo Fernández,CHE,MIDFIELDER,START,START,3.89,13,72.5,90,STARTER,HARMLESS,0.0
37,Daniel Muñoz Mejía,CRY,DEFENDER,START,START,2.78,6,64.3,90,STARTER,HARMLESS,0.0
37,Jordan Pickford,EVE,GOALKEEPER,START,START,3.99,1,79.6,90,BENCH,HARMLESS,0.0
37,James Tarkowski,EVE,DEFENDER,START,START,3.95,3,76.6,90,STARTER,HARMLESS,0.0
37,Nico O'Reilly,MCI,DEFENDER,START,START,2.57,2,55.1,90,BENCH,HARMLESS,0.0
37,Bruno Borges Fernandes,MUN,MIDFIELDER,START,START,5.06,9,76.8,90,STARTER,HARMLESS,0.0
37,Dominic Calvert-Lewin,LEE,FORWARD,START,START,3.85,7,76.6,90,STARTER,HARMLESS,0.0
37,Axel Disasi,WHU,DEFENDER,START,START,2.4,1,76.0,90,BENCH,HARMLESS,0.0
38,David Raya Martín,ARS,GOALKEEPER,START,NO_PLAY,3.84,0,79.6,0,STARTER,BOTH,3.8
38,Gabriel dos Santos Magalhães,ARS,DEFENDER,START,SUB,4.02,1,76.6,45,STARTER,PREDICTION_ERROR,3.0
38,Declan Rice,ARS,MIDFIELDER,START,NO_PLAY,3.3,0,76.4,0,BENCH,HARMLESS,0.0
38,Antoine Semenyo,MCI,MIDFIELDER,START,START,3.76,6,60.0,57,STARTER,HARMLESS,0.0
38,Igor Thiago Nascimento Rodrigues,BRE,FORWARD,START,START,3.73,2,76.6,90,STARTER,HARMLESS,0.0
38,Danny Welbeck,BHA,FORWARD,START,START,3.23,1,57.8,58,AUTOSUB_IN,HARMLESS,0.0
38,Cole Palmer,CHE,MIDFIELDER,START,START,3.88,8,72.7,90,STARTER,HARMLESS,0.0
38,Enzo Fernández,CHE,MIDFIELDER,START,START,3.74,1,76.8,90,STARTER,HARMLESS,0.0
38,Daniel Muñoz Mejía,CRY,DEFENDER,START,START,3.3,1,76.6,45,STARTER,HARMLESS,0.0
38,Marc Guéhi,MCI,DEFENDER,START,NO_PLAY,3.95,0,76.6,0,STARTER,BOTH,4.0
38,Jordan Pickford,EVE,GOALKEEPER,START,START,3.14,2,79.6,90,AUTOSUB_IN,HARMLESS,0.0
38,Nico O'Reilly,MCI,DEFENDER,START,NO_PLAY,3.74,0,61.0,0,STARTER,BOTH,3.7
38,Bruno Borges Fernandes,MUN,MIDFIELDER,START,START,4.25,14,76.8,90,CAPTAIN,HARMLESS,0.0
38,Dominic Calvert-Lewin,LEE,FORWARD,START,START,3.51,2,76.6,68,STARTER,HARMLESS,0.0
38,Axel Disasi,WHU,DEFENDER,START,START,3.0,6,76.0,90,AUTOSUB_IN,HARMLESS,0.0
