Gameweek,Type,Player_Name,Team,Position,Price,Pred_xP,Actual_Points,Pred_xM,Actual_Mins,Detail
1,ZERO_MIN_STARTER,Phil Foden,MCI,MIDFIELDER,8.0,3.07,0,57.9,0,ROTATION_REGULAR
2,ZERO_MIN_STARTER,Cole Palmer,CHE,MIDFIELDER,10.5,3.09,0,43.5,0,ROTATION_REGULAR
2,ZERO_MIN_STARTER,Jeremie Frimpong,LIV,DEFENDER,6.0,1.79,0,45.0,0,ROTATION_REGULAR
3,ZERO_MIN_STARTER,Bukayo Saka,ARS,MIDFIELDER,9.9,2.74,0,45.9,0,REGULAR_STARTER
3,ZERO_MIN_STARTER,Cole Palmer,CHE,MIDFIELDER,10.4,2.47,0,24.6,0,ROTATION_REGULAR
4,ZERO_MIN_STARTER,Bukayo Saka,ARS,MIDFIELDER,9.8,2.93,0,43.4,0,REGULAR_STARTER
4,ZERO_MIN_STARTER,Omar Marmoush,MCI,MIDFIELDER,8.4,3.3,0,45.8,0,REGULAR_STARTER
5,ZERO_MIN_STARTER,Omar Marmoush,MCI,MIDFIELDER,8.3,2.44,0,43.2,0,REGULAR_STARTER
6,ZERO_MIN_STARTER,Cole Palmer,CHE,MIDFIELDER,10.4,3.35,0,43.8,0,ROTATION_REGULAR
8,ZERO_MIN_STARTER,Enzo Fernández,CHE,MIDFIELDER,6.7,4.46,0,76.8,0,NAILED_STARTER
8,ZERO_MIN_STARTER,Cristian Romero,TOT,DEFENDER,5.1,3.41,0,76.6,0,NAILED_STARTER
12,ZERO_MIN_STARTER,Gabriel dos Santos Magalhães,ARS,DEFENDER,6.5,4.97,0,76.6,0,NAILED_STARTER
12,ZERO_MIN_STARTER,Antoine Semenyo,BOU,MIDFIELDER,8.0,5.27,0,76.8,0,NAILED_STARTER
15,ZERO_MIN_STARTER,Daniel Muñoz Mejía,CRY,DEFENDER,6.1,4.12,0,76.6,0,NAILED_STARTER
16,ZERO_MIN_STARTER,Riccardo Calafiori,ARS,DEFENDER,5.7,4.96,0,64.6,0,REGULAR_STARTER
17,ZERO_MIN_STARTER,Bryan Mbeumo,MUN,MIDFIELDER,8.2,3.63,0,76.8,0,NAILED_STARTER
18,ZERO_MIN_STARTER,Riccardo Calafiori,ARS,DEFENDER,5.7,3.92,0,61.1,0,REGULAR_STARTER
18,ZERO_MIN_STARTER,Jurriën Timber,ARS,DEFENDER,6.5,4.7,0,75.8,0,NAILED_STARTER
18,ZERO_MIN_STARTER,Bruno Borges Fernandes,MUN,MIDFIELDER,9.2,4.44,0,59.8,0,REGULAR_STARTER
19,ZERO_MIN_STARTER,Declan Rice,ARS,MIDFIELDER,7.2,3.89,0,76.8,0,NAILED_STARTER
19,ZERO_MIN_STARTER,Marc Cucurella Saseta,CHE,DEFENDER,6.2,3.68,0,76.5,0,NAILED_STARTER
19,ZERO_MIN_STARTER,Bruno Borges Fernandes,MUN,MIDFIELDER,9.1,4.31,0,44.5,0,REGULAR_STARTER
24,ZERO_MIN_STARTER,Jean-Philippe Mateta,CRY,FORWARD,7.5,3.74,0,76.6,0,NAILED_STARTER
30,ZERO_MIN_STARTER,Daniel Muñoz Mejía,CRY,DEFENDER,5.9,3.86,0,63.4,0,REGULAR_STARTER
32,ZERO_MIN_STARTER,Jurriën Timber,ARS,DEFENDER,6.3,3.95,0,64.4,0,REGULAR_STARTER
32,ZERO_MIN_STARTER,Enzo Fernández,CHE,MIDFIELDER,6.5,3.84,0,76.7,0,NAILED_STARTER
33,ZERO_MIN_STARTER,Cole Palmer,CHE,MIDFIELDER,10.5,8.54,0,76.8,0,NAILED_STARTER
36,ZERO_MIN_STARTER,Nico O'Reilly,MCI,DEFENDER,5.3,8.66,0,76.6,0,NAILED_STARTER
38,ZERO_MIN_STARTER,David Raya Martín,ARS,GOALKEEPER,6.2,3.84,0,79.6,0,NAILED_STARTER
38,ZERO_MIN_STARTER,Marc Guéhi,MCI,DEFENDER,5.1,3.95,0,76.6,0,NAILED_STARTER
38,ZERO_MIN_STARTER,Nico O'Reilly,MCI,DEFENDER,5.3,3.74,0,61.0,0,REGULAR_STARTER
12,ZERO_MIN_CAPTAIN,Antoine Semenyo,BOU,,,5.27,0,76.8,0,NAILED_STARTER
18,ZERO_MIN_CAPTAIN,Jurriën Timber,ARS,,,4.7,0,75.8,0,NAILED_STARTER
33,ZERO_MIN_CAPTAIN,Cole Palmer,CHE,,,8.54,0,76.8,0,NAILED_STARTER
36,ZERO_MIN_CAPTAIN,Nico O'Reilly,MCI,,,8.66,0,76.6,0,NAILED_STARTER
2,TRANSFER,Phil Foden -> Antoine Semenyo,,,,1.76 -> 3.59,1 -> 6,,,NetGain=5
3,TRANSFER,Jeremie Frimpong -> Matthijs de Ligt,,,,1.23 -> 3.04,0 -> 1,,,NetGain=1
4,TRANSFER,Matthijs de Ligt -> Riccardo Calafiori,,,,1.78 -> 4.68,1 -> 5,,,NetGain=4
5,TRANSFER,Bukayo Saka -> Bryan Mbeumo,,,,1.88 -> 4.46,1 -> 3,,,NetGain=2
6,TRANSFER,Ahmed Abdullahi -> Norberto Bercique Gomes Betuncal,,,,0.37 -> 3.24,0 -> 2,,,NetGain=2
7,TRANSFER,Milos Kerkez -> Jurriën Timber,,,,1.91 -> 5.68,1 -> 11,,,NetGain=10
8,TRANSFER,Cole Palmer -> Enzo Fernández,,,,1.07 -> 4.46,0 -> 0,,,NetGain=0
9,TRANSFER,Alisson Becker -> Nick Pope,,,,0.7 -> 4.67,0 -> 3,,,NetGain=3
10,TRANSFER,Cristian Romero -> Gabriel dos Santos Magalhães,,,,1.04 -> 4.93,1 -> 12,,,NetGain=11
11,TRANSFER,Marc Guiu Paz -> Jean-Philippe Mateta,,,,1.2 -> 5.14,1 -> 2,,,NetGain=1
12,TRANSFER,Omar Marmoush -> Ismaïla Sarr,,,,1.66 -> 4.11,1 -> 3,,,NetGain=2
13,TRANSFER,Norberto Bercique Gomes Betuncal -> Igor Thiago Nascimento Rodrigues,,,,1.73 -> 5.38,1 -> 13,,,NetGain=12
14,TRANSFER,Gabriel dos Santos Magalhães -> Daniel Muñoz Mejía,,,,1.77 -> 4.31,0 -> 14,,,NetGain=14
15,TRANSFER,Nick Pope -> Gianluigi Donnarumma,,,,1.49 -> 3.83,0 -> 6,,,NetGain=6
16,TRANSFER,Ismaïla Sarr -> Declan Rice,,,,0.94 -> 4.48,2 -> 2,,,NetGain=0
17,TRANSFER,Daniel Muñoz Mejía -> Nico O'Reilly,,,,1.41 -> 4.74,0 -> 6,,,NetGain=6
18,TRANSFER,Danny Welbeck -> Dominic Calvert-Lewin,,,,1.72 -> 3.57,1 -> 8,,,NetGain=7
19,TRANSFER,Bryan Mbeumo -> Matheus Santos Carneiro da Cunha,,,,1.57 -> 4.38,0 -> 2,,,NetGain=2
20,TRANSFER,Riccardo Calafiori -> Micky van de Ven,,,,0.9 -> 4.06,0 -> 7,,,NetGain=7
21,TRANSFER,Marc Cucurella Saseta -> James Tarkowski,,,,0.97 -> 4.5,-3 -> 4,,,NetGain=7
22,TRANSFER,Nico O'Reilly -> Ibrahima Konaté,,,,2.5 -> 4.03,-1 -> 2,,,NetGain=3
23,TRANSFER,Ibrahima Konaté -> Gabriel dos Santos Magalhães,,,,2.4 -> 4.63,0 -> 1,,,NetGain=1
24,TRANSFER,Pedro Porro Sauceda -> Nordi Mukiele,,,,2.51 -> 4.05,0 -> 9,,,NetGain=9
25,TRANSFER,Nordi Mukiele -> Trevoh Chalobah,,,,2.15 -> 3.56,1 -> 4,,,NetGain=3
26,TRANSFER,Jean-Philippe Mateta -> Mateus Mané,,,,1.31 -> 4.31,0 -> 2,,,NetGain=2
27,TRANSFER,Matheus Santos Carneiro da Cunha -> Cole Palmer,,,,2.95 -> 5.63,3 -> 3,,,NetGain=0
28,TRANSFER,Trevoh Chalobah -> Virgil van Dijk,,,,2.23 -> 3.98,1 -> 7,,,NetGain=6
29,TRANSFER,Guglielmo Vicario -> Jordan Pickford,,,,3.22 -> 4.44,1 -> 6,,,NetGain=5
30,TRANSFER,Micky van de Ven -> Daniel Muñoz Mejía,,,,2.07 -> 3.86,0 -> 0,,,NetGain=0
31,TRANSFER,Virgil van Dijk -> Kenny Tete,,,,2.65 -> 3.58,3 -> 0,,,NetGain=-3
32,TRANSFER,Kenny Tete -> Axel Disasi,,,,1.72 -> 3.51,0 -> 6,,,NetGain=6
33,TRANSFER,Mateus Mané -> Danny Welbeck,,,,1.76 -> 7.12,1 -> 6,,,NetGain=5
34,TRANSFER,Jurriën Timber -> Virgil van Dijk,,,,1.33 -> 3.66,0 -> 4,,,NetGain=4
35,TRANSFER,Virgil van Dijk -> Keane Lewis-Potter,,,,2.67 -> 4.08,1 -> 11,,,NetGain=10
36,TRANSFER,Keane Lewis-Potter -> Nico O'Reilly,,,,2.38 -> 8.66,1 -> 0,,,NetGain=-1
37,TRANSFER,Gianluigi Donnarumma -> David Raya Martín,,,,3.1 -> 5.0,1 -> 6,,,NetGain=5
38,TRANSFER,James Tarkowski -> Marc Guéhi,,,,2.93 -> 3.95,3 -> 0,,,NetGain=-3
