season,gameweek,gross_points,net_points,transfer_hits,chip_used,transfers,captain_id
2021-22,1,77,77,0,,(),233
2021-22,2,49,49,0,,"((31, 185),)",233
2021-22,3,58,58,0,,"((36, 367),)",177
2021-22,4,66,66,0,,"((46, 83),)",233
2021-22,5,62,62,0,,"((294, 146),)",233
2021-22,6,49,49,0,,"((177, 189),)",233
2021-22,7,71,71,0,,"((180, 430),)",233
2021-22,8,66,66,0,,"((185, 590),)",233
2021-22,9,65,65,0,,"((189, 78),)",233
2021-22,10,52,52,0,,"((168, 256),)",233
2021-22,11,60,60,0,,"((367, 23),)",233
2021-22,12,73,73,0,,"((590, 491),)",233
2021-22,13,76,76,0,bench_boost,(),233
2021-22,14,54,54,0,,(),233
2021-22,15,31,31,0,,"((59, 590),)",233
2021-22,16,59,59,0,,"((491, 67),)",233
2021-22,17,57,57,0,,"((420, 144),)",233
2021-22,18,34,34,0,,(),233
2021-22,19,47,47,0,,"((78, 296),)",256
2021-22,20,35,35,0,free_hit,"((23, 127), (64, 138), (67, 142), (69, 259), (83, 262), (146, 270), (230, 277), (240, 389), (296, 404), (307, 421), (430, 450), (590, 518))",233
2021-22,21,52,52,0,,"((240, 420),)",420
2021-22,22,30,30,0,,"((83, 584),)",69
2021-22,23,28,28,0,,"((296, 450),)",450
2021-22,24,74,74,0,,"((230, 251),)",251
2021-22,25,35,35,0,,"((233, 277),)",69
2021-22,26,60,60,0,,"((590, 229),)",229
2021-22,27,20,20,0,,"((584, 585),)",69
2021-22,28,55,55,0,,"((146, 475),)",475
2021-22,29,36,36,0,,"((251, 359),)",359
2021-22,30,21,21,0,,"((420, 22),)",23
2021-22,31,40,40,0,,"((69, 112),)",112
2021-22,32,63,63,0,,"((64, 212),)",359
2021-22,33,39,39,0,,"((144, 341),)",277
2021-22,34,54,54,0,,"((430, 315),)",277
2021-22,35,94,94,0,bench_boost,"((585, 44),)",359
2021-22,36,52,52,0,triple_captain,"((307, 40),)",256
2021-22,37,40,40,0,,"((67, 477),)",44
2021-22,38,75,75,0,,(),359
2022-23,1,47,47,0,,"((301, 428),)",428
2022-23,2,58,58,0,,"((5, 388),)",283
2022-23,3,61,61,0,,"((221, 258),)",428
2022-23,4,54,54,0,,"((222, 109),)",283
2022-23,5,43,43,0,,"((302, 26),)",283
2022-23,6,45,45,0,,"((258, 357),)",283
2022-23,7,0,0,0,,(),81
2022-23,8,60,60,0,,"((30, 210),)",357
2022-23,9,47,47,0,,"((388, 475),)",283
2022-23,10,39,39,0,,"((293, 111),)",357
2022-23,11,65,65,0,,"((300, 261),)",428
2022-23,12,56,56,0,,"((475, 366),)",283
2022-23,13,31,31,0,,"((261, 314),)",283
2022-23,14,66,66,0,,"((109, 342),)",357
2022-23,15,54,54,0,,"((283, 301),)",301
2022-23,16,83,83,0,,(),301
2022-23,17,58,58,0,,"((428, 142),)",26
2022-23,18,61,61,0,,"((342, 306),)",357
2022-23,19,59,59,0,,"((306, 520),)",210
2022-23,20,66,66,0,,"((238, 327),)",327
2022-23,21,55,55,0,,"((520, 358),)",357
2022-23,22,27,27,0,,"((314, 335),)",327
2022-23,23,64,64,0,bench_boost,"((80, 318),)",318
2022-23,24,40,40,0,,"((111, 303),)",81
2022-23,25,28,28,0,,"((142, 680),)",7
2022-23,26,42,42,0,,"((411, 95),)",318
2022-23,27,53,53,0,,"((303, 124),)",81
2022-23,28,45,45,0,free_hit,"((10, 13), (26, 16), (81, 40), (95, 80), (124, 133), (210, 233), (301, 377), (318, 407), (327, 427), (335, 428), (366, 478), (680, 526))",357
2022-23,29,52,52,0,,"((301, 283),)",357
2022-23,30,50,50,0,,"((26, 694),)",327
2022-23,31,76,76,0,,"((210, 80),)",318
2022-23,32,57,57,0,,"((694, 16),)",283
2022-23,33,48,48,0,,"((16, 694),)",283
2022-23,34,72,72,0,,"((694, 586),)",283
2022-23,35,34,34,0,,"((358, 106),)",318
2022-23,36,50,50,0,,"((81, 376),)",357
2022-23,37,50,50,0,triple_captain,"((366, 332),)",318
2022-23,38,50,50,0,,"((80, 40),)",283
2023-24,1,39,39,0,,(),355
2023-24,2,32,32,0,,"((350, 36),)",355
2023-24,3,58,58,0,,"((24, 395),)",395
2023-24,4,77,77,0,,"((210, 108),)",355
2023-24,5,46,46,0,,"((349, 19),)",355
2023-24,6,71,71,0,triple_captain,"((641, 326),)",355
2023-24,7,46,46,0,,"((148, 614),)",326
2023-24,8,53,53,0,,"((10, 220),)",355
2023-24,9,73,73,0,,"((211, 60),)",355
2023-24,10,88,88,0,,"((152, 113),)",355
2023-24,11,23,23,0,,"((395, 511),)",355
2023-24,12,48,48,0,,"((151, 234),)",516
2023-24,13,45,45,0,,"((509, 362),)",355
2023-24,14,59,59,0,,"((511, 311),)",355
2023-24,15,32,32,0,,"((29, 430),)",355
2023-24,16,49,49,0,,"((36, 506),)",355
2023-24,17,58,58,0,,"((234, 260),)",355
2023-24,18,36,36,0,,"((311, 519),)",516
2023-24,19,38,38,0,,"((355, 85),)",19
2023-24,20,84,84,0,,"((108, 308),)",308
2023-24,21,43,43,0,,"((326, 135),)",308
2023-24,22,72,72,0,bench_boost,"((216, 344),)",308
2023-24,23,88,88,0,,"((308, 353),)",362
2023-24,24,53,53,0,,"((516, 509),)",509
2023-24,25,70,70,0,triple_captain,"((85, 355),)",355
2023-24,26,74,74,0,,"((344, 526),)",60
2023-24,27,74,74,0,,"((135, 326),)",355
2023-24,28,49,49,0,,"((355, 85),)",85
2023-24,29,33,33,0,free_hit,"((19, 36), (85, 43), (113, 117), (220, 275), (260, 283), (353, 321), (362, 504), (430, 511), (506, 516), (509, 524), (519, 688), (614, 689))",60
2023-24,30,57,57,0,,"((509, 516),)",60
2023-24,31,88,88,0,,"((430, 29),)",19
2023-24,32,76,76,0,,"((220, 265),)",516
2023-24,33,53,53,0,,"((353, 308),)",308
2023-24,34,58,58,0,,"((526, 303),)",308
2023-24,35,48,48,0,,"((85, 211),)",211
2023-24,36,83,83,0,,"((519, 616),)",19
2023-24,37,49,49,0,,"((60, 415),)",362
2023-24,38,57,57,0,,"((260, 341),)",362
2024-25,1,50,50,0,,"((191, 484),)",328
2024-25,2,59,59,0,,"((418, 350),)",351
2024-25,3,69,69,0,,"((132, 177),)",351
2024-25,4,45,45,0,,"((421, 148),)",351
2024-25,5,46,46,0,,"((244, 573),)",351
2024-25,6,38,38,0,,"((350, 3),)",351
2024-25,7,47,47,0,,"((484, 6),)",351
2024-25,8,56,56,0,,"((245, 422),)",328
2024-25,9,42,42,0,,"((198, 252),)",351
2024-25,10,58,58,0,,"((28, 372),)",328
2024-25,11,54,54,0,,"((329, 491),)",328
2024-25,12,47,47,0,,"((204, 325),)",351
2024-25,13,89,89,0,bench_boost,"((336, 136),)",328
2024-25,14,81,81,0,,"((372, 71),)",328
2024-25,15,38,38,0,,"((252, 617),)",351
2024-25,16,39,39,0,,"((3, 339),)",328
2024-25,17,67,67,0,,"((148, 252),)",328
2024-25,18,70,70,0,triple_captain,"((293, 443),)",328
2024-25,19,88,88,0,,"((177, 585),)",328
2024-25,20,78,78,0,triple_captain,"((325, 235),)",328
2024-25,21,54,54,0,bench_boost,"((136, 364),)",328
2024-25,22,33,33,0,,"((415, 236),)",328
2024-25,23,68,68,0,,"((617, 321),)",328
2024-25,24,61,61,0,,"((491, 177),)",328
2024-25,25,54,54,0,,"((585, 54),)",328
2024-25,26,57,57,0,,"((321, 110),)",328
2024-25,27,68,68,0,,"((364, 99),)",328
2024-25,28,67,67,0,,"((177, 74),)",328
2024-25,29,70,70,0,,"((99, 366),)",351
2024-25,30,57,57,0,,"((236, 211),)",328
2024-25,31,28,28,0,,"((54, 585),)",328
2024-25,32,48,48,0,,"((351, 401),)",401
2024-25,33,38,38,0,,"((422, 18),)",328
2024-25,34,36,36,0,,"((366, 182),)",328
2024-25,35,40,40,0,,"((71, 762),)",328
2024-25,36,46,46,0,,"((6, 350),)",328
2024-25,37,51,51,0,,(),328
2024-25,38,46,46,0,,"((585, 71),)",328
2025-26,1,60,60,0,,"((72, 570),)",381
2025-26,2,54,54,0,,"((570, 72),)",381
2025-26,3,54,54,0,,"((186, 444),)",444
2025-26,4,44,44,0,,"((465, 136),)",381
2025-26,5,47,47,0,,"((528, 469),)",381
2025-26,6,35,35,0,,"((73, 261),)",449
2025-26,7,43,43,0,,"((16, 237),)",449
2025-26,8,62,62,0,,"((444, 8),)",670
2025-26,9,51,51,0,,"((382, 82),)",82
2025-26,10,57,57,0,,"((625, 283),)",8
2025-26,11,59,59,0,bench_boost,"((72, 226),)",283
2025-26,12,47,47,0,,"((337, 100),)",82
2025-26,13,63,63,0,,"((74, 256),)",136
2025-26,14,33,33,0,,"((82, 119),)",8
2025-26,15,56,56,0,,"((226, 411),)",411
2025-26,16,72,72,0,,"((381, 16),)",449
2025-26,17,46,46,0,,"((469, 1),)",411
2025-26,18,29,29,0,,"((384, 414),)",8
2025-26,19,52,52,0,,"((119, 82),)",16
2025-26,20,59,59,0,,"((261, 575),)",414
2025-26,21,55,55,0,,"((256, 291),)",136
2025-26,22,50,50,0,bench_boost,"((531, 374),)",136
2025-26,23,45,45,0,,"((449, 488),)",82
2025-26,24,58,58,0,,"((411, 226),)",670
2025-26,25,48,48,0,,"((488, 449),)",8
2025-26,26,40,40,0,,"((16, 21),)",8
2025-26,27,29,29,0,,"((414, 235),)",235
2025-26,28,78,78,0,,"((283, 661),)",449
2025-26,29,64,64,0,,"((8, 411),)",449
2025-26,30,47,47,0,,(),449
2025-26,31,39,39,0,,"((670, 314),)",235
2025-26,32,60,60,0,,"((226, 5),)",449
2025-26,33,38,38,0,triple_captain,"((661, 249),)",235
2025-26,34,45,45,0,,"((291, 373),)",449
2025-26,35,45,45,0,,"((249, 691),)",449
2025-26,36,68,68,0,,"((374, 260),)",411
2025-26,37,62,62,0,,"((575, 291),)",5
2025-26,38,61,61,0,,(),449
